ID,stress_score
TEST_0000,0.41239444062311414
TEST_0001,0.68900853946582
TEST_0002,0.18330941733849251
TEST_0003,0.5220149412830164
TEST_0004,0.5721116719415794
TEST_0005,0.591443436065097
TEST_0006,0.669843172448968
TEST_0007,0.41288315980216395
TEST_0008,0.47874204519438357
TEST_0009,0.6693859772792743
TEST_0010,0.6751965403070003
TEST_0011,0.3982382567970199
TEST_0012,0.46460385515738034
TEST_0013,0.5730557383952707
TEST_0014,0.5468451685167689
TEST_0015,0.4829918104675944
TEST_0016,0.5068527415106666
TEST_0017,0.29529032613953754
TEST_0018,0.4490514007653641
TEST_0019,0.6632441619645042
TEST_0020,0.5471792081289025
TEST_0021,0.5040485848543248
TEST_0022,0.44750445697298635
TEST_0023,0.6266247648895934
TEST_0024,0.4917989034752735
TEST_0025,0.5434168117925973
TEST_0026,0.7694289598113394
TEST_0027,0.37472575279260373
TEST_0028,0.5551368012168887
TEST_0029,0.5091615268370832
TEST_0030,0.5525871453065219
TEST_0031,0.3269306660207187
TEST_0032,0.3875825551481479
TEST_0033,0.49119866508075116
TEST_0034,0.672441572629091
TEST_0035,0.7856499869951282
TEST_0036,0.41089909513543166
TEST_0037,0.3910066564330074
TEST_0038,0.5783714991175399
TEST_0039,0.4342090666459485
TEST_0040,0.49633832826285046
TEST_0041,0.5095403801950167
TEST_0042,0.5535598094031399
TEST_0043,0.4764225025904517
TEST_0044,0.3901975126293096
TEST_0045,0.5218100098044688
TEST_0046,0.4226861721715996
TEST_0047,0.39710099497481444
TEST_0048,0.3540534829037214
TEST_0049,0.6238844105275119
TEST_0050,0.5017059571316091
TEST_0051,0.6633542965210236
TEST_0052,0.5364110332699448
TEST_0053,0.5323476244851351
TEST_0054,0.29395094951801287
TEST_0055,0.48545198919855226
TEST_0056,0.5668921699414055
TEST_0057,0.6326265716440891
TEST_0058,0.3810357355741936
TEST_0059,0.5705950432466808
TEST_0060,0.5985098651517019
TEST_0061,0.4987041500108049
TEST_0062,0.40935296254618575
TEST_0063,0.8361608261006925
TEST_0064,0.5384717528732625
TEST_0065,0.4999224035110658
TEST_0066,0.4568532240262529
TEST_0067,0.4157344615367431
TEST_0068,0.4885184357166415
TEST_0069,0.5107805707500535
TEST_0070,0.5291301137041191
TEST_0071,0.5618744698821847
TEST_0072,0.3563423136829525
TEST_0073,0.44952540026076115
TEST_0074,0.4727235466670675
TEST_0075,0.2777829815433967
TEST_0076,0.49140639064089675
TEST_0077,0.4383536258135437
TEST_0078,0.3821141410159521
TEST_0079,0.5059920993945994
TEST_0080,0.4378884355536779
TEST_0081,0.30528468012250914
TEST_0082,0.5037735679971141
TEST_0083,0.4968097456736567
TEST_0084,0.24188806390391726
TEST_0085,0.5816926897171402
TEST_0086,0.5198671356668685
TEST_0087,0.7252023213819141
TEST_0088,0.5023568717907927
TEST_0089,0.5653610676439634
TEST_0090,0.5955186787406309
TEST_0091,0.5595569313324754
TEST_0092,0.7474654291375074
TEST_0093,0.2657667282284714
TEST_0094,0.5458786477754786
TEST_0095,0.4813190773262983
TEST_0096,0.45634913368837754
TEST_0097,0.4668227634830133
TEST_0098,0.29067221191716064
TEST_0099,0.5175220944549799
TEST_0100,0.3916202889391893
TEST_0101,0.525411929843725
TEST_0102,0.5608048090848041
TEST_0103,0.6494421397174134
TEST_0104,0.4315183811436641
TEST_0105,0.5791026144508875
TEST_0106,0.39545181000386287
TEST_0107,0.3589937658262828
TEST_0108,0.6097957626821737
TEST_0109,0.3902287231076284
TEST_0110,0.4292231778005594
TEST_0111,0.31506556471629976
TEST_0112,0.4351447709340841
TEST_0113,0.7252791080971941
TEST_0114,0.5781408057617586
TEST_0115,0.4958102383260623
TEST_0116,0.3620681071934074
TEST_0117,0.5320462114378472
TEST_0118,0.7624800408242847
TEST_0119,0.5940497940464824
TEST_0120,0.5998704352635029
TEST_0121,0.47360092022187683
TEST_0122,0.5413203984540984
TEST_0123,0.4479490307284663
TEST_0124,0.4618577544553518
TEST_0125,0.5301871481444075
TEST_0126,0.497099799499923
TEST_0127,0.5662610829256409
TEST_0128,0.5305687002508179
TEST_0129,0.3809023641132428
TEST_0130,0.42735966677007525
TEST_0131,0.5531617102108807
TEST_0132,0.5475269731181674
TEST_0133,0.43399463156386003
TEST_0134,0.6038164389497194
TEST_0135,0.5999089836229493
TEST_0136,0.45938810948906605
TEST_0137,0.7825687651160099
TEST_0138,0.3205360948208768
TEST_0139,0.2861889251322753
TEST_0140,0.39504416631660794
TEST_0141,0.5717055988792109
TEST_0142,0.5971539145397184
TEST_0143,0.5304628252561518
TEST_0144,0.41050373140575114
TEST_0145,0.6782001118574645
TEST_0146,0.5738334346244436
TEST_0147,0.432125297792785
TEST_0148,0.30005531715545425
TEST_0149,0.5470197671542988
TEST_0150,0.468443947595339
TEST_0151,0.505604704001838
TEST_0152,0.7075310819452713
TEST_0153,0.2680667255483983
TEST_0154,0.44665042908433805
TEST_0155,0.4566855329691225
TEST_0156,0.48563979209730074
TEST_0157,0.5908200542505584
TEST_0158,0.34282230423142535
TEST_0159,0.4715781121118946
TEST_0160,0.40319765936201224
TEST_0161,0.21622101312929298
TEST_0162,0.5162464243232043
TEST_0163,0.5110013108586174
TEST_0164,0.39911035993148575
TEST_0165,0.6434728868280543
TEST_0166,0.511000031552015
TEST_0167,0.6709191074359708
TEST_0168,0.29401363631213356
TEST_0169,0.5665486433387986
TEST_0170,0.7153941980359073
TEST_0171,0.7564082586834826
TEST_0172,0.6146809542267792
TEST_0173,0.5546150204562474
TEST_0174,0.4110934020201087
TEST_0175,0.505086781485052
TEST_0176,0.45356883692783845
TEST_0177,0.6388046553244959
TEST_0178,0.48963402254454735
TEST_0179,0.7185568596472698
TEST_0180,0.37189440238310145
TEST_0181,0.3923938625780505
TEST_0182,0.44190828250467856
TEST_0183,0.516091466976104
TEST_0184,0.3857648591320489
TEST_0185,0.2053624796293073
TEST_0186,0.5414255823637045
TEST_0187,0.38293000814575145
TEST_0188,0.4369941474758851
TEST_0189,0.5127763854965978
TEST_0190,0.45440690393184957
TEST_0191,0.3442614895069461
TEST_0192,0.3375937929133153
TEST_0193,0.3606157380839486
TEST_0194,0.4835366143690913
TEST_0195,0.27226123224224474
TEST_0196,0.3574173762180382
TEST_0197,0.30437740405502683
TEST_0198,0.5851090769703318
TEST_0199,0.4508633206677527
TEST_0200,0.4735862636512146
TEST_0201,0.5505285102757831
TEST_0202,0.5447024869201283
TEST_0203,0.41396446905818685
TEST_0204,0.30506490863817237
TEST_0205,0.48959054968313936
TEST_0206,0.340881450547998
TEST_0207,0.5652547399648754
TEST_0208,0.5878685462771125
TEST_0209,0.40008968310665594
TEST_0210,0.4961197554115444
TEST_0211,0.4790509441415208
TEST_0212,0.6141908124671416
TEST_0213,0.6528405278618925
TEST_0214,0.761612409842026
TEST_0215,0.47671343522465776
TEST_0216,0.43534804039204883
TEST_0217,0.37989726984782635
TEST_0218,0.41713869188871844
TEST_0219,0.4916016036369171
TEST_0220,0.4986482158368651
TEST_0221,0.5275154556150091
TEST_0222,0.45843396080668436
TEST_0223,0.5457768356188587
TEST_0224,0.5336325982309045
TEST_0225,0.41412902930191153
TEST_0226,0.4522953814468794
TEST_0227,0.6454678504352589
TEST_0228,0.6842211909733114
TEST_0229,0.3919914657389427
TEST_0230,0.5434877101893588
TEST_0231,0.38774475382182316
TEST_0232,0.5867240781150792
TEST_0233,0.5042972180214483
TEST_0234,0.45456777694438744
TEST_0235,0.7346370229764021
TEST_0236,0.4640590233852152
TEST_0237,0.39402964306159427
TEST_0238,0.4731589526906804
TEST_0239,0.5890268029762958
TEST_0240,0.43309119819790737
TEST_0241,0.5269167858496151
TEST_0242,0.4474693565463298
TEST_0243,0.5793817118367498
TEST_0244,0.5835809546990577
TEST_0245,0.6825481259536035
TEST_0246,0.40957863679406803
TEST_0247,0.6850465638956736
TEST_0248,0.5343993017569464
TEST_0249,0.5365840487794162
TEST_0250,0.26637350782803493
TEST_0251,0.6088977970643357
TEST_0252,0.5778085295455117
TEST_0253,0.49009516481808324
TEST_0254,0.3774046049407801
TEST_0255,0.4146424317667577
TEST_0256,0.3670623690439475
TEST_0257,0.7164729359443072
TEST_0258,0.5050770962593152
TEST_0259,0.24927022674793842
TEST_0260,0.4235911690336743
TEST_0261,0.6393818608821474
TEST_0262,0.5185537051521324
TEST_0263,0.7307188714027386
TEST_0264,0.39777101761872796
TEST_0265,0.3896743386758105
TEST_0266,0.43165346264847176
TEST_0267,0.3016571996810039
TEST_0268,0.4371375562605945
TEST_0269,0.5166518642058764
TEST_0270,0.4461451702535258
TEST_0271,0.4715758654903826
TEST_0272,0.7953961266356308
TEST_0273,0.48669156547868014
TEST_0274,0.4589467433593519
TEST_0275,0.4584392192918967
TEST_0276,0.5261924607259638
TEST_0277,0.5765329149958134
TEST_0278,0.3742731046735663
TEST_0279,0.5492415546213842
TEST_0280,0.4884950470286875
TEST_0281,0.4820445271500006
TEST_0282,0.4962937213644799
TEST_0283,0.5090591465214175
TEST_0284,0.44709668894214366
TEST_0285,0.5126528044608124
TEST_0286,0.7173352436481004
TEST_0287,0.35759664183239004
TEST_0288,0.34229393120201046
TEST_0289,0.28442924367956385
TEST_0290,0.6483975355831345
TEST_0291,0.6108374077173202
TEST_0292,0.7217097951947218
TEST_0293,0.46626498052426707
TEST_0294,0.5889037037277584
TEST_0295,0.5203644076665866
TEST_0296,0.2965953155845889
TEST_0297,0.42282188869757426
TEST_0298,0.5417571256177497
TEST_0299,0.5435434767992079
TEST_0300,0.4985736057221002
TEST_0301,0.564651432022587
TEST_0302,0.45611633505083343
TEST_0303,0.2813659247100012
TEST_0304,0.4389675956852107
TEST_0305,0.34022098339845974
TEST_0306,0.5865843499282112
TEST_0307,0.4510185653609703
TEST_0308,0.31270386364889624
TEST_0309,0.33386459216226494
TEST_0310,0.36420143114191766
TEST_0311,0.2873870443254167
TEST_0312,0.7324035736208254
TEST_0313,0.3424735835029004
TEST_0314,0.6065854918957065
TEST_0315,0.4772230170907394
TEST_0316,0.2621249153907771
TEST_0317,0.5061833107208775
TEST_0318,0.464694731573101
TEST_0319,0.7505311681377744
TEST_0320,0.5589344924057118
TEST_0321,0.5404212317639128
TEST_0322,0.5647981301161131
TEST_0323,0.5141495674790167
TEST_0324,0.6947963926522368
TEST_0325,0.34844849377955983
TEST_0326,0.39526412564305
TEST_0327,0.474055379308897
TEST_0328,0.6856912504897961
TEST_0329,0.4123006038296978
TEST_0330,0.7288092569236906
TEST_0331,0.45480291352903796
TEST_0332,0.5581309620092157
TEST_0333,0.4570607239584076
TEST_0334,0.5385962112270594
TEST_0335,0.48187616029319286
TEST_0336,0.6548393878055095
TEST_0337,0.3565858984805298
TEST_0338,0.7841541741318536
TEST_0339,0.5521131203158687
TEST_0340,0.464809376833413
TEST_0341,0.4243392606748045
TEST_0342,0.5425157285353204
TEST_0343,0.38265361670077536
TEST_0344,0.35154441197746167
TEST_0345,0.5963854345303324
TEST_0346,0.4009388800093221
TEST_0347,0.5635128749665889
TEST_0348,0.5094517819114841
TEST_0349,0.5426440584629576
TEST_0350,0.4522333591376005
TEST_0351,0.5902947948072216
TEST_0352,0.39525485389923515
TEST_0353,0.46148884819327357
TEST_0354,0.37173222400462635
TEST_0355,0.5359402134287143
TEST_0356,0.5463149236984791
TEST_0357,0.6280447465959454
TEST_0358,0.5689569964871939
TEST_0359,0.5741912702093518
TEST_0360,0.5110382776103709
TEST_0361,0.7796407600421675
TEST_0362,0.4095822870185524
TEST_0363,0.48723289637732814
TEST_0364,0.25780022573515127
TEST_0365,0.3070169375591323
TEST_0366,0.4760219924878046
TEST_0367,0.5099068613715263
TEST_0368,0.42465014291264686
TEST_0369,0.5040377158399587
TEST_0370,0.3181875113088145
TEST_0371,0.3846116007764036
TEST_0372,0.5554213763332766
TEST_0373,0.41312003184817114
TEST_0374,0.6065021043971144
TEST_0375,0.4126457035081114
TEST_0376,0.4944216931911837
TEST_0377,0.3332032473318828
TEST_0378,0.6309875849472317
TEST_0379,0.4122929180832474
TEST_0380,0.5404253191508591
TEST_0381,0.43493708581746054
TEST_0382,0.3733804309146424
TEST_0383,0.7235097125875058
TEST_0384,0.30453589171097123
TEST_0385,0.4490514007653641
TEST_0386,0.5449357142137027
TEST_0387,0.5703010126602446
TEST_0388,0.4468078271489342
TEST_0389,0.4056760592521679
TEST_0390,0.35266880692862357
TEST_0391,0.412875169424868
TEST_0392,0.33710598956115273
TEST_0393,0.3029206078877051
TEST_0394,0.30170521289848773
TEST_0395,0.5512204290855618
TEST_0396,0.4123188103407449
TEST_0397,0.5800714820657666
TEST_0398,0.32973699333986467
TEST_0399,0.6325227131535563
TEST_0400,0.4193056255923549
TEST_0401,0.5222384664408932
TEST_0402,0.3623600160335913
TEST_0403,0.4788530919550012
TEST_0404,0.38442140719983864
TEST_0405,0.44370819448428306
TEST_0406,0.4935615149867334
TEST_0407,0.5247463705254607
TEST_0408,0.6138995442696077
TEST_0409,0.5159589202324899
TEST_0410,0.28515214095550084
TEST_0411,0.8108970003043066
TEST_0412,0.2424865587252533
TEST_0413,0.4227818358248476
TEST_0414,0.403286103346652
TEST_0415,0.4039863447373601
TEST_0416,0.5733803847462526
TEST_0417,0.44835552250268695
TEST_0418,0.2735277874062402
TEST_0419,0.7361635837878847
TEST_0420,0.39020857676171933
TEST_0421,0.6260189170871965
TEST_0422,0.4706160010899488
TEST_0423,0.46298200838092696
TEST_0424,0.4488358609107218
TEST_0425,0.6004941487297327
TEST_0426,0.6724061788342571
TEST_0427,0.4261359418244174
TEST_0428,0.4038645497795675
TEST_0429,0.6542686552919186
TEST_0430,0.26340862097205203
TEST_0431,0.4601144038115193
TEST_0432,0.2593465981030795
TEST_0433,0.5114714202679349
TEST_0434,0.583908291087218
TEST_0435,0.4758838008507517
TEST_0436,0.42744811310894526
TEST_0437,0.44479004967031094
TEST_0438,0.31436382820278336
TEST_0439,0.3021498576237334
TEST_0440,0.5446560729287326
TEST_0441,0.6239173970191341
TEST_0442,0.481018423294854
TEST_0443,0.6526282251584254
TEST_0444,0.4083625074450883
TEST_0445,0.28204913351717925
TEST_0446,0.39055110634846196
TEST_0447,0.5604652868792547
TEST_0448,0.4043523839694468
TEST_0449,0.43377576572893367
TEST_0450,0.48214983757083885
TEST_0451,0.39851326381653884
TEST_0452,0.5564544203541091
TEST_0453,0.5669258696802594
TEST_0454,0.5046553116634587
TEST_0455,0.47062497903316125
TEST_0456,0.6449336319348729
TEST_0457,0.365947346624547
TEST_0458,0.5600740460763499
TEST_0459,0.3982608348738567
TEST_0460,0.6695600465678362
TEST_0461,0.4948324047583284
TEST_0462,0.31910598906125803
TEST_0463,0.47767713514671456
TEST_0464,0.31963238998644744
TEST_0465,0.566221891157723
TEST_0466,0.5321624403271678
TEST_0467,0.5214468126973696
TEST_0468,0.46949989619317395
TEST_0469,0.5125806654448893
TEST_0470,0.6435207809931386
TEST_0471,0.4690957049056823
TEST_0472,0.31326773218721493
TEST_0473,0.5094526226829084
TEST_0474,0.505604704001838
TEST_0475,0.3359913847500527
TEST_0476,0.8041574550199793
TEST_0477,0.4911719334391726
TEST_0478,0.3249364289635469
TEST_0479,0.47051208811692835
TEST_0480,0.5607240653866064
TEST_0481,0.40455487275973673
TEST_0482,0.28912710903863836
TEST_0483,0.4115542029182823
TEST_0484,0.43097436416420964
TEST_0485,0.7228702160157566
TEST_0486,0.4459328103901779
TEST_0487,0.6802901124557227
TEST_0488,0.5607029364839851
TEST_0489,0.44755623734566435
TEST_0490,0.731873842507253
TEST_0491,0.2877958889180361
TEST_0492,0.558594205102191
TEST_0493,0.3288792921518842
TEST_0494,0.6090053596126114
TEST_0495,0.40669115999984884
TEST_0496,0.40915550470984846
TEST_0497,0.45305010929381545
TEST_0498,0.6509187897488038
TEST_0499,0.3331342446262616
TEST_0500,0.3985030408913821
TEST_0501,0.5979475382170116
TEST_0502,0.4212915897541427
TEST_0503,0.600843356771677
TEST_0504,0.6193494645950777
TEST_0505,0.35505309620014636
TEST_0506,0.4701749763858147
TEST_0507,0.40987906008058433
TEST_0508,0.5474192710317978
TEST_0509,0.3641637484675352
TEST_0510,0.5535227977022061
TEST_0511,0.39598081129555307
TEST_0512,0.6045905762615484
TEST_0513,0.5546150204562474
TEST_0514,0.33676148624671814
TEST_0515,0.37860325392396266
TEST_0516,0.633233727267005
TEST_0517,0.29986722252165926
TEST_0518,0.4099547146077826
TEST_0519,0.21056165385088713
TEST_0520,0.36374938764485737
TEST_0521,0.24306067866270673
TEST_0522,0.44246234267328105
TEST_0523,0.511956447317309
TEST_0524,0.4283819861454188
TEST_0525,0.34799203889954317
TEST_0526,0.29956950640696484
TEST_0527,0.5406509121274207
TEST_0528,0.43482288787282125
TEST_0529,0.4372914303423342
TEST_0530,0.7236870049625058
TEST_0531,0.5425914113127372
TEST_0532,0.45755510289150536
TEST_0533,0.5056051885778157
TEST_0534,0.6022139832286475
TEST_0535,0.5172233883964401
TEST_0536,0.5675219125940386
TEST_0537,0.4649336833189456
TEST_0538,0.5240925647866869
TEST_0539,0.5767903747061345
TEST_0540,0.6922240189780735
TEST_0541,0.4966938677893786
TEST_0542,0.5412040933515132
TEST_0543,0.4659960812679821
TEST_0544,0.35166320337565704
TEST_0545,0.5706406741299184
TEST_0546,0.336642354530811
TEST_0547,0.5374690995016681
TEST_0548,0.5775124498362613
TEST_0549,0.5900319019271002
TEST_0550,0.3204936990869652
TEST_0551,0.45625163925007917
TEST_0552,0.24420820509665672
TEST_0553,0.567793436121994
TEST_0554,0.34083735707737384
TEST_0555,0.3908353756462869
TEST_0556,0.41830076418325524
TEST_0557,0.4676079965044605
TEST_0558,0.49942247734257555
TEST_0559,0.44902440620414774
TEST_0560,0.5669258696802594
TEST_0561,0.5584714394473764
TEST_0562,0.4778361921603251
TEST_0563,0.4854422504305487
TEST_0564,0.5291977631483161
TEST_0565,0.4762658645794174
TEST_0566,0.46558760574062635
TEST_0567,0.4079971427289659
TEST_0568,0.6312494738768448
TEST_0569,0.35915750550045944
TEST_0570,0.7245069527608898
TEST_0571,0.4702768394415907
TEST_0572,0.5140531220049428
TEST_0573,0.6890166908220485
TEST_0574,0.3524863443312306
TEST_0575,0.5208317390960743
TEST_0576,0.8543763922939567
TEST_0577,0.27526399173396543
TEST_0578,0.5550647117242797
TEST_0579,0.466584051586707
TEST_0580,0.46542718191171845
TEST_0581,0.7662252771903459
TEST_0582,0.2964747244050167
TEST_0583,0.5180513636959165
TEST_0584,0.5784102949594586
TEST_0585,0.39295170503273014
TEST_0586,0.5444519285142446
TEST_0587,0.6410123678071342
TEST_0588,0.45174814513431727
TEST_0589,0.42420036882907713
TEST_0590,0.4767326128581801
TEST_0591,0.2576743216501518
TEST_0592,0.6108758257058412
TEST_0593,0.5216220558788413
TEST_0594,0.5198794644525723
TEST_0595,0.730823318782581
TEST_0596,0.5124853916938429
TEST_0597,0.4608855476086073
TEST_0598,0.5652547399648754
TEST_0599,0.44350902511910445
TEST_0600,0.28088260887487276
TEST_0601,0.40679272694552693
TEST_0602,0.44398608446447896
TEST_0603,0.44749574563497097
TEST_0604,0.5205053083337032
TEST_0605,0.46031002178792274
TEST_0606,0.496007825004329
TEST_0607,0.6916519282611988
TEST_0608,0.4290573342968836
TEST_0609,0.6578987741140294
TEST_0610,0.5392341913990989
TEST_0611,0.5118954155463873
TEST_0612,0.565133584072682
TEST_0613,0.27044752979994713
TEST_0614,0.4959885569947439
TEST_0615,0.5085516927880558
TEST_0616,0.48624657832558243
TEST_0617,0.5570099503919003
TEST_0618,0.6654176173872245
TEST_0619,0.7173352436481004
TEST_0620,0.6745034947114397
TEST_0621,0.46159670782798146
TEST_0622,0.4526544301003363
TEST_0623,0.6768814018704647
TEST_0624,0.5319463448574907
TEST_0625,0.4173671926251873
TEST_0626,0.3561518077257226
TEST_0627,0.35896169522507804
TEST_0628,0.3879504026313421
TEST_0629,0.28681460443604323
TEST_0630,0.3795011542663659
TEST_0631,0.5055938979508379
TEST_0632,0.6407843191677473
TEST_0633,0.37733134140369584
TEST_0634,0.502142549134468
TEST_0635,0.42249490928453654
TEST_0636,0.4953043796755162
TEST_0637,0.47863579484896196
TEST_0638,0.41159135225863336
TEST_0639,0.5244623457396849
TEST_0640,0.47942521909231534
TEST_0641,0.6438816268441787
TEST_0642,0.4657867997627798
TEST_0643,0.547542481001348
TEST_0644,0.4458941126201961
TEST_0645,0.5589685599004097
TEST_0646,0.3737168785197125
TEST_0647,0.4955519516597544
TEST_0648,0.4966367729813587
TEST_0649,0.45375915465203165
TEST_0650,0.4194013047803109
TEST_0651,0.5396694104430108
TEST_0652,0.37860325392396266
TEST_0653,0.47996309704060314
TEST_0654,0.4362596004685177
TEST_0655,0.4479644887551019
TEST_0656,0.43421068898800547
TEST_0657,0.6834132479784357
TEST_0658,0.3546304581092981
TEST_0659,0.5484362381386872
TEST_0660,0.4404331621823588
TEST_0661,0.45278420650578605
TEST_0662,0.43818781304537074
TEST_0663,0.593056655398614
TEST_0664,0.6153180043135218
TEST_0665,0.44860494426016195
TEST_0666,0.39340324829763934
TEST_0667,0.4855558961963151
TEST_0668,0.6149223042570717
TEST_0669,0.4527034514150331
TEST_0670,0.3524473317359865
TEST_0671,0.5703034639611309
TEST_0672,0.4205526774457042
TEST_0673,0.4606176436379856
TEST_0674,0.45056445774402426
TEST_0675,0.5720595502426138
TEST_0676,0.5877582981505631
TEST_0677,0.5255468765787625
TEST_0678,0.5453793430712456
TEST_0679,0.36705886870752846
TEST_0680,0.611237694645504
TEST_0681,0.6668101278067208
TEST_0682,0.7103707712255362
TEST_0683,0.6608587208720218
TEST_0684,0.36244350227879796
TEST_0685,0.3086668354872935
TEST_0686,0.5073879932817347
TEST_0687,0.6698394879340985
TEST_0688,0.3464724726003204
TEST_0689,0.39844860832305384
TEST_0690,0.5726638272428737
TEST_0691,0.45268050381634084
TEST_0692,0.33261701311736547
TEST_0693,0.6033363292173609
TEST_0694,0.5980959982038108
TEST_0695,0.6116435707725416
TEST_0696,0.33769405254675783
TEST_0697,0.6276870035722971
TEST_0698,0.5230335064674593
TEST_0699,0.3919440718025789
TEST_0700,0.396069864364896
TEST_0701,0.6814949716213892
TEST_0702,0.5153783123364587
TEST_0703,0.5267207124566989
TEST_0704,0.4140798040519312
TEST_0705,0.6360541823194817
TEST_0706,0.6130278981823922
TEST_0707,0.522000103508872
TEST_0708,0.4660506952716599
TEST_0709,0.3620879190036876
TEST_0710,0.6376554615054878
TEST_0711,0.34768152086852805
TEST_0712,0.6545661920009046
TEST_0713,0.6537974645250959
TEST_0714,0.4288495310486634
TEST_0715,0.5453793430712456
TEST_0716,0.5177497828396685
TEST_0717,0.5761708129078444
TEST_0718,0.5753913440807563
TEST_0719,0.5179307622141984
TEST_0720,0.6118223552485349
TEST_0721,0.5437580859202213
TEST_0722,0.46922990282434035
TEST_0723,0.6065373625937301
TEST_0724,0.5121572637398094
TEST_0725,0.6702471823036105
TEST_0726,0.2841629655084441
TEST_0727,0.5390990108089804
TEST_0728,0.41468907263868515
TEST_0729,0.4660506952716599
TEST_0730,0.5407330456462061
TEST_0731,0.35638108713367506
TEST_0732,0.41946980238912124
TEST_0733,0.46815127813668056
TEST_0734,0.602624845744512
TEST_0735,0.4965914312971059
TEST_0736,0.5476683299665527
TEST_0737,0.2552200258364426
TEST_0738,0.6518059551682949
TEST_0739,0.674573087213586
TEST_0740,0.6289589850675579
TEST_0741,0.3342163707408084
TEST_0742,0.49540327297341435
TEST_0743,0.2956386079177244
TEST_0744,0.44745275900537007
TEST_0745,0.44781292821251106
TEST_0746,0.39437948793236216
TEST_0747,0.5515942465945116
TEST_0748,0.4736383742082746
TEST_0749,0.4516612695859956
TEST_0750,0.4099547146077826
TEST_0751,0.4160329761777816
TEST_0752,0.5705682755585341
TEST_0753,0.6537974645250959
TEST_0754,0.41070418619150434
TEST_0755,0.5277457684359429
TEST_0756,0.5911905409557309
TEST_0757,0.5046281428292072
TEST_0758,0.42208253670795853
TEST_0759,0.37093865906808077
TEST_0760,0.5813167689887314
TEST_0761,0.4290104553811588
TEST_0762,0.43662986374821106
TEST_0763,0.6051802141973208
TEST_0764,0.4153450356669434
TEST_0765,0.5308994383776309
TEST_0766,0.5844822783857695
TEST_0767,0.31809613375767987
TEST_0768,0.4857102197653448
TEST_0769,0.5080496770872333
TEST_0770,0.5468451685167689
TEST_0771,0.5175797151725424
TEST_0772,0.3962472771312918
TEST_0773,0.3736952797411817
TEST_0774,0.408384433451815
TEST_0775,0.4443577964703093
TEST_0776,0.6897068880407632
TEST_0777,0.2910708981558575
TEST_0778,0.5368543861043327
TEST_0779,0.5753913440807563
TEST_0780,0.43619662607490023
TEST_0781,0.3950216718373753
TEST_0782,0.3830032466847849
TEST_0783,0.7191915568941021
TEST_0784,0.5395443696274737
TEST_0785,0.6958109706887062
TEST_0786,0.39810388855393947
TEST_0787,0.5764074899320196
TEST_0788,0.39995325749999766
TEST_0789,0.49228343558277
TEST_0790,0.576343379078976
TEST_0791,0.3372640177837479
TEST_0792,0.4657867997627798
TEST_0793,0.4522562248173132
TEST_0794,0.6543845059583454
TEST_0795,0.5555174734762865
TEST_0796,0.4790509441415208
TEST_0797,0.45351220741389325
TEST_0798,0.6458748825377907
TEST_0799,0.4156136273449717
TEST_0800,0.39447745853249266
TEST_0801,0.4000703852594247
TEST_0802,0.4205586796459943
TEST_0803,0.4035312718445153
TEST_0804,0.5862606342124186
TEST_0805,0.4115107021413793
TEST_0806,0.5230283872917028
TEST_0807,0.587382503156929
TEST_0808,0.590210838157906
TEST_0809,0.5813863467929117
TEST_0810,0.8765519980207472
TEST_0811,0.5780349988868796
TEST_0812,0.3506363802593881
TEST_0813,0.5139068792984899
TEST_0814,0.543975584524196
TEST_0815,0.49523171438154434
TEST_0816,0.39402740862084024
TEST_0817,0.7384853491757483
TEST_0818,0.681432669950081
TEST_0819,0.5914992363029176
TEST_0820,0.5446951095128971
TEST_0821,0.565133584072682
TEST_0822,0.41722163449776567
TEST_0823,0.3992045911457682
TEST_0824,0.4403699124346727
TEST_0825,0.5992094301093907
TEST_0826,0.46103982955290557
TEST_0827,0.5909046128209652
TEST_0828,0.5492964670294515
TEST_0829,0.3682344544347459
TEST_0830,0.31071159431037154
TEST_0831,0.6381945625758939
TEST_0832,0.3923947825683869
TEST_0833,0.3707783608006824
TEST_0834,0.5307097684692834
TEST_0835,0.5114650580897042
TEST_0836,0.5636853455896473
TEST_0837,0.6534014497181495
TEST_0838,0.3626698641740064
TEST_0839,0.4374508345094503
TEST_0840,0.6308390995970363
TEST_0841,0.3321426103859186
TEST_0842,0.6031221535437915
TEST_0843,0.3369022282262881
TEST_0844,0.39787558951365826
TEST_0845,0.416057549539428
TEST_0846,0.5219235257910225
TEST_0847,0.45402229242401443
TEST_0848,0.2592772000045703
TEST_0849,0.4600548944897316
TEST_0850,0.4446421456328017
TEST_0851,0.6659686801249937
TEST_0852,0.602199564501171
TEST_0853,0.3337252252858076
TEST_0854,0.5179205547790694
TEST_0855,0.5509994336223533
TEST_0856,0.4949898002717579
TEST_0857,0.5093312264137997
TEST_0858,0.3963401969323117
TEST_0859,0.5349444647318977
TEST_0860,0.5882570696874467
TEST_0861,0.42405868321255313
TEST_0862,0.5618741069936685
TEST_0863,0.45652876886515836
TEST_0864,0.7119451000523683
TEST_0865,0.6284405364064781
TEST_0866,0.5029904937780294
TEST_0867,0.3043331021973762
TEST_0868,0.3720327238700363
TEST_0869,0.2810188751230903
TEST_0870,0.4629383619005644
TEST_0871,0.5803241641403114
TEST_0872,0.5213284540369058
TEST_0873,0.27871360092787023
TEST_0874,0.4072129011561621
TEST_0875,0.3742731046735663
TEST_0876,0.44918419857139674
TEST_0877,0.33612841699828855
TEST_0878,0.5354108858326584
TEST_0879,0.4228487415747566
TEST_0880,0.2552887259407436
TEST_0881,0.5050746757798903
TEST_0882,0.5711755655484262
TEST_0883,0.376973902978446
TEST_0884,0.2544406767919147
TEST_0885,0.4669737606479949
TEST_0886,0.5320421214500738
TEST_0887,0.45650970575335137
TEST_0888,0.2584129931985551
TEST_0889,0.5213196846361887
TEST_0890,0.7208128734949086
TEST_0891,0.3127399531581338
TEST_0892,0.5348691795107182
TEST_0893,0.44079122341016935
TEST_0894,0.5581412859035009
TEST_0895,0.7246713433287603
TEST_0896,0.3510274826140518
TEST_0897,0.5998012305717405
TEST_0898,0.8210861639825859
TEST_0899,0.6205473238668603
TEST_0900,0.45917228780805364
TEST_0901,0.6265349789019845
TEST_0902,0.4240690596560824
TEST_0903,0.44560254811118666
TEST_0904,0.5059453881004776
TEST_0905,0.753229424891202
TEST_0906,0.4870679380452644
TEST_0907,0.5886949102171849
TEST_0908,0.6405240368062016
TEST_0909,0.6855061979223623
TEST_0910,0.7912145933814604
TEST_0911,0.34949267339813367
TEST_0912,0.4974654973352414
TEST_0913,0.5109841320391825
TEST_0914,0.4280820808414246
TEST_0915,0.5292997940645766
TEST_0916,0.5039119553243205
TEST_0917,0.5142652872577864
TEST_0918,0.47639126963129025
TEST_0919,0.4311982810037935
TEST_0920,0.47839601506342666
TEST_0921,0.48977856812710296
TEST_0922,0.6202568869380662
TEST_0923,0.8196009824268438
TEST_0924,0.5584714394473764
TEST_0925,0.5061957567031882
TEST_0926,0.4393276619796887
TEST_0927,0.6325227131535563
TEST_0928,0.5522083352895519
TEST_0929,0.39911035993148575
TEST_0930,0.3768773538255209
TEST_0931,0.5406677316545841
TEST_0932,0.3537198645452344
TEST_0933,0.4840097126571477
TEST_0934,0.6356827197068411
TEST_0935,0.4103776212270713
TEST_0936,0.43085947000320535
TEST_0937,0.4977117166220892
TEST_0938,0.41486983906840463
TEST_0939,0.4226898711000791
TEST_0940,0.4523290771303203
TEST_0941,0.44325078101763804
TEST_0942,0.36224747997531564
TEST_0943,0.3981085129243596
TEST_0944,0.5616397190284427
TEST_0945,0.7689750456765412
TEST_0946,0.6101765128035587
TEST_0947,0.48109416553904427
TEST_0948,0.5634759226426252
TEST_0949,0.617684197409272
TEST_0950,0.6843178216318905
TEST_0951,0.35999713520721666
TEST_0952,0.42432524011731015
TEST_0953,0.7894900539686163
TEST_0954,0.5376925612035384
TEST_0955,0.5255179378850717
TEST_0956,0.3882336902470908
TEST_0957,0.4357185400205357
TEST_0958,0.6648307229648459
TEST_0959,0.4887340496986601
TEST_0960,0.49292220210756105
TEST_0961,0.5065135401807926
TEST_0962,0.5597435415850187
TEST_0963,0.48836367740808256
TEST_0964,0.4969656559687669
TEST_0965,0.4875753237576153
TEST_0966,0.34153747771619225
TEST_0967,0.5129392135124345
TEST_0968,0.6643430548609464
TEST_0969,0.4822731434902611
TEST_0970,0.4150564983628184
TEST_0971,0.5318674371465735
TEST_0972,0.45352563723344014
TEST_0973,0.3757692063585031
TEST_0974,0.7039364816813827
TEST_0975,0.4534261084581257
TEST_0976,0.3492395794457767
TEST_0977,0.5184737924945919
TEST_0978,0.38563200523280333
TEST_0979,0.5601963433709995
TEST_0980,0.4342391041797044
TEST_0981,0.3454737616909883
TEST_0982,0.5018782726480593
TEST_0983,0.2526885537765332
TEST_0984,0.4531081647089271
TEST_0985,0.5567524513001777
TEST_0986,0.46614204664967335
TEST_0987,0.3141690627320852
TEST_0988,0.46331408959641185
TEST_0989,0.38472866219379787
TEST_0990,0.720637182071516
TEST_0991,0.5111703925181659
TEST_0992,0.6145001116551984
TEST_0993,0.3795386017186702
TEST_0994,0.5482099676903552
TEST_0995,0.5325030731094795
TEST_0996,0.25068549045699073
TEST_0997,0.31200604744072336
TEST_0998,0.40004878351846035
TEST_0999,0.4120157593999998
TEST_1000,0.6087002732041973
TEST_1001,0.4742069525433246
TEST_1002,0.3916613844324847
TEST_1003,0.21869240371105617
TEST_1004,0.6153935378057138
TEST_1005,0.40246568221515805
TEST_1006,0.37301565906602524
TEST_1007,0.4035058334043155
TEST_1008,0.4891165220866834
TEST_1009,0.27729372296340105
TEST_1010,0.4038870513631846
TEST_1011,0.38774647707958876
TEST_1012,0.45482389831512526
TEST_1013,0.5157993638456121
TEST_1014,0.4977512103360788
TEST_1015,0.4212915897541427
TEST_1016,0.4344437529588478
TEST_1017,0.40308091655682515
TEST_1018,0.5545450686244198
TEST_1019,0.47124693880099333
TEST_1020,0.3375846048105582
TEST_1021,0.3127706150875453
TEST_1022,0.37328085436885694
TEST_1023,0.6438943160131981
TEST_1024,0.46768708313621177
TEST_1025,0.46103982955290557
TEST_1026,0.7432231631483806
TEST_1027,0.5796781694758328
TEST_1028,0.44921516074338885
TEST_1029,0.6404522188213668
TEST_1030,0.6524221256121363
TEST_1031,0.47911028921133425
TEST_1032,0.659510739477849
TEST_1033,0.5958942932788406
TEST_1034,0.5413429142907888
TEST_1035,0.4690589610673289
TEST_1036,0.6125397567936502
TEST_1037,0.7382093715862509
TEST_1038,0.3879504026313421
TEST_1039,0.6239981392391346
TEST_1040,0.4995806720096076
TEST_1041,0.6082306604420362
TEST_1042,0.36718821105519817
TEST_1043,0.27986396897681887
TEST_1044,0.7394459756358566
TEST_1045,0.6426456818785035
TEST_1046,0.3573096206760265
TEST_1047,0.5154499638392372
TEST_1048,0.49417668228991213
TEST_1049,0.6125174834844402
TEST_1050,0.5558219378958354
TEST_1051,0.4384007137702152
TEST_1052,0.45890724468723565
TEST_1053,0.7132983746190211
TEST_1054,0.37160323675629375
TEST_1055,0.6150643643921272
TEST_1056,0.2930015915145165
TEST_1057,0.5426440584629576
TEST_1058,0.5540194298662918
TEST_1059,0.6973710765063952
TEST_1060,0.2673251124627412
TEST_1061,0.5251005202147367
TEST_1062,0.5081794083425271
TEST_1063,0.39955038678477606
TEST_1064,0.41471159861984896
TEST_1065,0.6051802141973208
TEST_1066,0.3892132759781709
TEST_1067,0.5161178212123009
TEST_1068,0.5114650580897042
TEST_1069,0.3932806756086896
TEST_1070,0.33542558535863165
TEST_1071,0.3848121060989426
TEST_1072,0.5147488239264478
TEST_1073,0.738794562470399
TEST_1074,0.6615814555628136
TEST_1075,0.5548157929565121
TEST_1076,0.611311498423237
TEST_1077,0.40036756726382944
TEST_1078,0.5662775827614841
TEST_1079,0.6651127980646052
TEST_1080,0.5906399628634789
TEST_1081,0.49262635829036716
TEST_1082,0.549056579076385
TEST_1083,0.43753155622428147
TEST_1084,0.2786703752263535
TEST_1085,0.29301147751415435
TEST_1086,0.348684559573782
TEST_1087,0.48254349744951136
TEST_1088,0.4080722356063909
TEST_1089,0.5556293209074187
TEST_1090,0.5157569404160306
TEST_1091,0.338871316909004
TEST_1092,0.6131524198338525
TEST_1093,0.49059567689309724
TEST_1094,0.4452477723467349
TEST_1095,0.5066524479210291
TEST_1096,0.5904414418313523
TEST_1097,0.5766912642157784
TEST_1098,0.44453854610036864
TEST_1099,0.48687639890078677
TEST_1100,0.5409356241361691
TEST_1101,0.448882833038363
TEST_1102,0.6006674569048422
TEST_1103,0.47339945244614484
TEST_1104,0.396666620366127
TEST_1105,0.4653847145769976
TEST_1106,0.6088197399984426
TEST_1107,0.6031136434866415
TEST_1108,0.34675903737867625
TEST_1109,0.243670141132707
TEST_1110,0.5761008689908637
TEST_1111,0.3238892065351195
TEST_1112,0.4336006555302759
TEST_1113,0.5314557248913334
TEST_1114,0.47569820052434714
TEST_1115,0.5137969636752306
TEST_1116,0.28153929008004736
TEST_1117,0.37022467452303426
TEST_1118,0.34222266816563873
TEST_1119,0.5333977350466962
TEST_1120,0.48959345205392857
TEST_1121,0.40748065424361696
TEST_1122,0.4089800998053216
TEST_1123,0.49808024302755977
TEST_1124,0.5056700293143006
TEST_1125,0.6094035753672046
TEST_1126,0.8367095928232318
TEST_1127,0.2744927776249213
TEST_1128,0.7216816913312325
TEST_1129,0.494349353103166
TEST_1130,0.5064437843253462
TEST_1131,0.3698033151245618
TEST_1132,0.48174888046149467
TEST_1133,0.4049493323852525
TEST_1134,0.5033228707407771
TEST_1135,0.551083885891781
TEST_1136,0.39222959598224216
TEST_1137,0.4751848336200909
TEST_1138,0.49280641434762346
TEST_1139,0.46379538537691795
TEST_1140,0.40992101148003063
TEST_1141,0.27557382052076773
TEST_1142,0.3596615280390274
TEST_1143,0.3806264731363717
TEST_1144,0.44210614483032307
TEST_1145,0.25266253354370055
TEST_1146,0.5262748940094579
TEST_1147,0.5193613778591718
TEST_1148,0.340998795494042
TEST_1149,0.3554908192415198
TEST_1150,0.5747020359289626
TEST_1151,0.6167960943949704
TEST_1152,0.3979940394350439
TEST_1153,0.5527384184953722
TEST_1154,0.6178244719184274
TEST_1155,0.3291037977388348
TEST_1156,0.5813863467929117
TEST_1157,0.5802174275674367
TEST_1158,0.5404004033953845
TEST_1159,0.46525596410780745
TEST_1160,0.4795838950540091
TEST_1161,0.42872838475401176
TEST_1162,0.45597250476386114
TEST_1163,0.7141931829801621
TEST_1164,0.4271036894297256
TEST_1165,0.43334572056526255
TEST_1166,0.3682249337531916
TEST_1167,0.4724738908883657
TEST_1168,0.3323893564340577
TEST_1169,0.6117693129158391
TEST_1170,0.740096443542643
TEST_1171,0.359285866453443
TEST_1172,0.5055587095472373
TEST_1173,0.41729519239485097
TEST_1174,0.5513945239748479
TEST_1175,0.6536478721446715
TEST_1176,0.29862431921719285
TEST_1177,0.4861389561904215
TEST_1178,0.5636168536599017
TEST_1179,0.3441258674620562
TEST_1180,0.33486148737530236
TEST_1181,0.5704239200221229
TEST_1182,0.6322827173290494
TEST_1183,0.4445910855075879
TEST_1184,0.47820597107156954
TEST_1185,0.31034618690052246
TEST_1186,0.4306762812059672
TEST_1187,0.4216322309678216
TEST_1188,0.622141591890342
TEST_1189,0.5030496811386759
TEST_1190,0.4293461883653158
TEST_1191,0.4272427870378874
TEST_1192,0.34689163873540124
TEST_1193,0.5420601494902707
TEST_1194,0.5307097684692834
TEST_1195,0.4217636027855743
TEST_1196,0.6472484882946298
TEST_1197,0.426891011000424
TEST_1198,0.43520806009262303
TEST_1199,0.5037207773638012
TEST_1200,0.33969972388730413
TEST_1201,0.4754319963040387
TEST_1202,0.6636840040686679
TEST_1203,0.2677489447800709
TEST_1204,0.4326482056365383
TEST_1205,0.4486725973103735
TEST_1206,0.5754889084242265
TEST_1207,0.5725189215075885
TEST_1208,0.4017838977788333
TEST_1209,0.384220226381928
TEST_1210,0.4019602109756705
TEST_1211,0.6131524198338525
TEST_1212,0.7495560187253768
TEST_1213,0.2997683654908503
TEST_1214,0.6222714149478068
TEST_1215,0.3639188775016163
TEST_1216,0.6836915544454387
TEST_1217,0.46330173684994397
TEST_1218,0.38640723851477216
TEST_1219,0.29541874513327276
TEST_1220,0.41893434811720104
TEST_1221,0.5661339747483386
TEST_1222,0.34228499415324315
TEST_1223,0.40436665375019765
TEST_1224,0.6119630269439862
TEST_1225,0.5478417024314771
TEST_1226,0.38118740369111753
TEST_1227,0.5878125833094169
TEST_1228,0.6272419036614107
TEST_1229,0.6583047248720386
TEST_1230,0.6188466178993501
TEST_1231,0.4987041500108049
TEST_1232,0.441588301707227
TEST_1233,0.5523868990943617
TEST_1234,0.4749734201223281
TEST_1235,0.47355441615486504
TEST_1236,0.3550727907393555
TEST_1237,0.5214527386691895
TEST_1238,0.39774656820448745
TEST_1239,0.658428295719318
TEST_1240,0.4932589116830207
TEST_1241,0.4042355974841074
TEST_1242,0.7339501973696793
TEST_1243,0.43365347599531645
TEST_1244,0.6014408212924296
TEST_1245,0.6807410703196616
TEST_1246,0.5454044263116828
TEST_1247,0.4306521377634144
TEST_1248,0.5155631535204624
TEST_1249,0.7554444213887099
TEST_1250,0.6417579709905551
TEST_1251,0.4809324516334974
TEST_1252,0.6082306604420362
TEST_1253,0.7173449829119949
TEST_1254,0.3908353756462869
TEST_1255,0.42912398009466024
TEST_1256,0.4906341275437292
TEST_1257,0.5096015210958672
TEST_1258,0.33108332291550424
TEST_1259,0.5683828901741433
TEST_1260,0.4538388234382694
TEST_1261,0.3641737847919072
TEST_1262,0.5395761672156255
TEST_1263,0.42657666236641506
TEST_1264,0.40030114478837214
TEST_1265,0.5601963433709995
TEST_1266,0.4401914078348075
TEST_1267,0.5515185689601274
TEST_1268,0.5138860967375736
TEST_1269,0.678733084518343
TEST_1270,0.5520932531660514
TEST_1271,0.26147309361170534
TEST_1272,0.45848448972084216
TEST_1273,0.6591931883912323
TEST_1274,0.3523979754007357
TEST_1275,0.38744149411122897
TEST_1276,0.46045588378264174
TEST_1277,0.32405024198575966
TEST_1278,0.8091249263796505
TEST_1279,0.5749054866611973
TEST_1280,0.43334572056526255
TEST_1281,0.33734984428425574
TEST_1282,0.31510706517674864
TEST_1283,0.26442486667938614
TEST_1284,0.27928421923314406
TEST_1285,0.6100113570102919
TEST_1286,0.5221380723254593
TEST_1287,0.4619601363706165
TEST_1288,0.2520676386889587
TEST_1289,0.5733803847462526
TEST_1290,0.3043331021973762
TEST_1291,0.49688870993636397
TEST_1292,0.4009101912747224
TEST_1293,0.34021088679224903
TEST_1294,0.5127968991692683
TEST_1295,0.3875157210876245
TEST_1296,0.6264377719467614
TEST_1297,0.5671094946505341
TEST_1298,0.5390673326229307
TEST_1299,0.48438554441101156
TEST_1300,0.23356181457619352
TEST_1301,0.4665888720926476
TEST_1302,0.6807935284408534
TEST_1303,0.5513808075829214
TEST_1304,0.6204438856976001
TEST_1305,0.40906073080812644
TEST_1306,0.5118954155463873
TEST_1307,0.5412080728237231
TEST_1308,0.4042624469929215
TEST_1309,0.7638583972897577
TEST_1310,0.6128416831907922
TEST_1311,0.7542487843860881
TEST_1312,0.5699230170329733
TEST_1313,0.39090404572471155
TEST_1314,0.4468849543721791
TEST_1315,0.2738219949527376
TEST_1316,0.5738638444002617
TEST_1317,0.6545070795237895
TEST_1318,0.6973710765063952
TEST_1319,0.5141495674790167
TEST_1320,0.2654794914532592
TEST_1321,0.5785628348497311
TEST_1322,0.39637868448077174
TEST_1323,0.47320513292383626
TEST_1324,0.6101092529221727
TEST_1325,0.49117149197920223
TEST_1326,0.4303968129616886
TEST_1327,0.4514236436252092
TEST_1328,0.5132156619851194
TEST_1329,0.496874042758363
TEST_1330,0.6347607043489709
TEST_1331,0.6138032862822689
TEST_1332,0.4699828897833261
TEST_1333,0.7633553079733463
TEST_1334,0.29078950994622843
TEST_1335,0.6348919329217405
TEST_1336,0.4657421746570565
TEST_1337,0.3752442866547551
TEST_1338,0.28444589292033723
TEST_1339,0.6150096485301215
TEST_1340,0.4656404374788559
TEST_1341,0.43171342377526395
TEST_1342,0.5091320231230361
TEST_1343,0.8456408233712184
TEST_1344,0.46031496162104923
TEST_1345,0.45798232553111873
TEST_1346,0.6279523982926076
TEST_1347,0.46558888595806397
TEST_1348,0.4384783197949047
TEST_1349,0.6096736164432223
TEST_1350,0.41493812310032363
TEST_1351,0.5718255632490552
TEST_1352,0.6849901772599772
TEST_1353,0.6538163490673154
TEST_1354,0.7762042670282344
TEST_1355,0.6195092753491191
TEST_1356,0.6194544809542435
TEST_1357,0.42854208487070244
TEST_1358,0.7242863347134498
TEST_1359,0.5483009401095802
TEST_1360,0.640220181568482
TEST_1361,0.38844864524871364
TEST_1362,0.3914010217053659
TEST_1363,0.5283902732727477
TEST_1364,0.4076910617600062
TEST_1365,0.4066578573271666
TEST_1366,0.49195676166888874
TEST_1367,0.5784075244400028
TEST_1368,0.49661597603221086
TEST_1369,0.5564552307482953
TEST_1370,0.5271316568464524
TEST_1371,0.49140974130929255
TEST_1372,0.7652143974360895
TEST_1373,0.3419966893349566
TEST_1374,0.3328292472883283
TEST_1375,0.5794574558303048
TEST_1376,0.49827009934571453
TEST_1377,0.4387730841233635
TEST_1378,0.4572371189120531
TEST_1379,0.5172776893489043
TEST_1380,0.43901281455341246
TEST_1381,0.3568339040837903
TEST_1382,0.575728165526015
TEST_1383,0.2665419805097706
TEST_1384,0.4495639000291024
TEST_1385,0.37561295066247813
TEST_1386,0.4079641725579968
TEST_1387,0.3251326192634374
TEST_1388,0.38926392361842704
TEST_1389,0.30988112181162847
TEST_1390,0.5761008689908637
TEST_1391,0.3182462075338952
TEST_1392,0.6786291806416845
TEST_1393,0.4937512321045687
TEST_1394,0.397286008044545
TEST_1395,0.7333615092542869
TEST_1396,0.5609993050964673
TEST_1397,0.4848346801991876
TEST_1398,0.41761180995603137
TEST_1399,0.5157993638456121
TEST_1400,0.5812884886225756
TEST_1401,0.6294884085128095
TEST_1402,0.5154394460184094
TEST_1403,0.4953051816686007
TEST_1404,0.7127269437537731
TEST_1405,0.5279788000395834
TEST_1406,0.5716256860876614
TEST_1407,0.2935714259722152
TEST_1408,0.40360347520037354
TEST_1409,0.28074721468073266
TEST_1410,0.40259167910317706
TEST_1411,0.49317880641058465
TEST_1412,0.5017956021403953
TEST_1413,0.20115926373415194
TEST_1414,0.7310532022976614
TEST_1415,0.5038080532469328
TEST_1416,0.4905475658552867
TEST_1417,0.4775477930365209
TEST_1418,0.7532383243305537
TEST_1419,0.4641204459989315
TEST_1420,0.42360620689859796
TEST_1421,0.5660599307286523
TEST_1422,0.5755162518991589
TEST_1423,0.3737024770326827
TEST_1424,0.6835110952416604
TEST_1425,0.516762257812341
TEST_1426,0.2716312224996857
TEST_1427,0.41585824153622697
TEST_1428,0.6122902324629396
TEST_1429,0.4803204000151962
TEST_1430,0.6125571086773558
TEST_1431,0.45259745836971216
TEST_1432,0.6761180271515063
TEST_1433,0.6769885373385067
TEST_1434,0.36185312423223664
TEST_1435,0.403286103346652
TEST_1436,0.4428066682186659
TEST_1437,0.46943304258749297
TEST_1438,0.45163047147116075
TEST_1439,0.4501920344244829
TEST_1440,0.5502212149296064
TEST_1441,0.3800963291814137
TEST_1442,0.6987211144597356
TEST_1443,0.41975395880843724
TEST_1444,0.41705813775354794
TEST_1445,0.4707038415407754
TEST_1446,0.5846511865388566
TEST_1447,0.5539472601072946
TEST_1448,0.448698585223786
TEST_1449,0.8618814392704884
TEST_1450,0.4172533061814673
TEST_1451,0.6170123370697451
TEST_1452,0.32275961985623275
TEST_1453,0.3611658194712616
TEST_1454,0.5543639677873721
TEST_1455,0.5218739970296818
TEST_1456,0.5556607519059245
TEST_1457,0.2999236950837395
TEST_1458,0.4243178299230285
TEST_1459,0.4686926145677382
TEST_1460,0.4741631730636411
TEST_1461,0.6497372397396158
TEST_1462,0.40806951419996834
TEST_1463,0.28198454505847037
TEST_1464,0.34533962185273814
TEST_1465,0.6892145529942212
TEST_1466,0.6669146717878959
TEST_1467,0.43789979065088586
TEST_1468,0.6142526651751219
TEST_1469,0.7353228163832647
TEST_1470,0.3285523309293604
TEST_1471,0.5377813374662661
TEST_1472,0.3201850009951204
TEST_1473,0.41520799789605456
TEST_1474,0.7613296337937376
TEST_1475,0.568884656353595
TEST_1476,0.49540327297341435
TEST_1477,0.5830794888697636
TEST_1478,0.49009516481808324
TEST_1479,0.33952595721959383
TEST_1480,0.4946625159463761
TEST_1481,0.6240197569516631
TEST_1482,0.5635808980615714
TEST_1483,0.5933033577486819
TEST_1484,0.3378742222896391
TEST_1485,0.21861007389550463
TEST_1486,0.4913423836065188
TEST_1487,0.5324976027697832
TEST_1488,0.4511580753777026
TEST_1489,0.5025393272338292
TEST_1490,0.5731919746376762
TEST_1491,0.32907139482584113
TEST_1492,0.34033740367008847
TEST_1493,0.3052937263521719
TEST_1494,0.5586792296679258
TEST_1495,0.564835513175521
TEST_1496,0.4889692880730563
TEST_1497,0.47378401995305264
TEST_1498,0.517511496998121
TEST_1499,0.4604590596307883
TEST_1500,0.6033198722608188
TEST_1501,0.4715766374168703
TEST_1502,0.31446273565152405
TEST_1503,0.6508652400607149
TEST_1504,0.5511475651752081
TEST_1505,0.39334545344782035
TEST_1506,0.4742015333099937
TEST_1507,0.6736120648075344
TEST_1508,0.5395222480563295
TEST_1509,0.4713196389684606
TEST_1510,0.652205815849492
TEST_1511,0.46430219045993204
TEST_1512,0.6856727380539598
TEST_1513,0.5492415546213842
TEST_1514,0.5186504624197331
TEST_1515,0.45579672625982093
TEST_1516,0.3547483910223913
TEST_1517,0.260075053804685
TEST_1518,0.5083015654411356
TEST_1519,0.5155614459176918
TEST_1520,0.32570653982455094
TEST_1521,0.4566855329691225
TEST_1522,0.4686926145677382
TEST_1523,0.44862730529464967
TEST_1524,0.5825893829129952
TEST_1525,0.4899390736635524
TEST_1526,0.49924884948262294
TEST_1527,0.2802448246648687
TEST_1528,0.6021659268007247
TEST_1529,0.6178244719184274
TEST_1530,0.5176693468722217
TEST_1531,0.4384617781275001
TEST_1532,0.45250514015600657
TEST_1533,0.3476750851717774
TEST_1534,0.4092442951351198
TEST_1535,0.6235583537206255
TEST_1536,0.7130426680224008
TEST_1537,0.4847707713305781
TEST_1538,0.33319615747581444
TEST_1539,0.46822267984641636
TEST_1540,0.5615133437861418
TEST_1541,0.5026777738072694
TEST_1542,0.2552104944243052
TEST_1543,0.6352681229038222
TEST_1544,0.32790658476308204
TEST_1545,0.5999330799838151
TEST_1546,0.5245309278399906
TEST_1547,0.47642172477260686
TEST_1548,0.4627938159366907
TEST_1549,0.2285816854760686
TEST_1550,0.6682895311181056
TEST_1551,0.5149622609655574
TEST_1552,0.491378290242448
TEST_1553,0.6797172236152892
TEST_1554,0.5316312095095002
TEST_1555,0.5540364416008485
TEST_1556,0.9090645025723002
TEST_1557,0.439354563468144
TEST_1558,0.37019180259667417
TEST_1559,0.48124691943323483
TEST_1560,0.6468057597174048
TEST_1561,0.4913075257034931
TEST_1562,0.568919870539021
TEST_1563,0.3998606035014329
TEST_1564,0.6302168881975073
TEST_1565,0.4723288736996035
TEST_1566,0.5521245364769001
TEST_1567,0.5543598446693987
TEST_1568,0.4434869911886588
TEST_1569,0.4242477168697451
TEST_1570,0.5220124809736124
TEST_1571,0.42239077204845465
TEST_1572,0.5199399445904374
TEST_1573,0.5784679205720368
TEST_1574,0.6398969626796922
TEST_1575,0.3652850480062643
TEST_1576,0.29006519269155695
TEST_1577,0.5931653849942403
TEST_1578,0.607056053393854
TEST_1579,0.42238869613046076
TEST_1580,0.755906664671319
TEST_1581,0.5800197724112254
TEST_1582,0.27645431903042267
TEST_1583,0.27153667908306633
TEST_1584,0.44805090572387396
TEST_1585,0.7965611880604456
TEST_1586,0.2968927901464706
TEST_1587,0.3338750443384529
TEST_1588,0.5406677316545841
TEST_1589,0.4583722410025207
TEST_1590,0.33682116212233537
TEST_1591,0.4190624327773046
TEST_1592,0.5571283882855469
TEST_1593,0.29711160194605846
TEST_1594,0.4432109386568921
TEST_1595,0.565830154357284
TEST_1596,0.4142025916773531
TEST_1597,0.5846253051946826
TEST_1598,0.4829477391102177
TEST_1599,0.36074208372439737
TEST_1600,0.45570122365045557
TEST_1601,0.4772586650659608
TEST_1602,0.4248517194032568
TEST_1603,0.40540337636605195
TEST_1604,0.5162160829705217
TEST_1605,0.3296226329690371
TEST_1606,0.5092152367891895
TEST_1607,0.47998737066351654
TEST_1608,0.44753526651854014
TEST_1609,0.4427457494166215
TEST_1610,0.5722044866209449
TEST_1611,0.6990624013354506
TEST_1612,0.2346619348902576
TEST_1613,0.6846920160249531
TEST_1614,0.6443378535196149
TEST_1615,0.49473289160612177
TEST_1616,0.26494268434822743
TEST_1617,0.5091000975894394
TEST_1618,0.5615144038047372
TEST_1619,0.48597906720802914
TEST_1620,0.9011702563372119
TEST_1621,0.3056348770659831
TEST_1622,0.3380483442133473
TEST_1623,0.5080688614409758
TEST_1624,0.2941545582560734
TEST_1625,0.5698221885253284
TEST_1626,0.42350497302568313
TEST_1627,0.46706369486572025
TEST_1628,0.6484227729956732
TEST_1629,0.4967223427600729
TEST_1630,0.5188142654985126
TEST_1631,0.7598014449479593
TEST_1632,0.47845309909994327
TEST_1633,0.6124512396400056
TEST_1634,0.6685668790513983
TEST_1635,0.37014439956862893
TEST_1636,0.5983817866855574
TEST_1637,0.5153615240720344
TEST_1638,0.5460241381699386
TEST_1639,0.42544400989500936
TEST_1640,0.32109130873708547
TEST_1641,0.41070418619150434
TEST_1642,0.6497290378980015
TEST_1643,0.5031688138653342
TEST_1644,0.4599909295234536
TEST_1645,0.2679939535857512
TEST_1646,0.48545198919855226
TEST_1647,0.6855830855786045
TEST_1648,0.3268658897268551
TEST_1649,0.43595890414336796
TEST_1650,0.4604375347427338
TEST_1651,0.5609049557084688
TEST_1652,0.39718514428555
TEST_1653,0.33425672086241354
TEST_1654,0.5647817720566032
TEST_1655,0.4460674597662321
TEST_1656,0.47042610065195967
TEST_1657,0.6709936863330029
TEST_1658,0.6353177474208209
TEST_1659,0.45324348317841234
TEST_1660,0.5802380625759338
TEST_1661,0.4674857012351199
TEST_1662,0.5508505148344748
TEST_1663,0.5597435415850187
TEST_1664,0.5724308387038101
TEST_1665,0.4540967503021737
TEST_1666,0.7593450524497956
TEST_1667,0.677238456085609
TEST_1668,0.33786123464938916
TEST_1669,0.4890922628695398
TEST_1670,0.5090803745970942
TEST_1671,0.4276793444467586
TEST_1672,0.5734151021128455
TEST_1673,0.44734691931621823
TEST_1674,0.4863944863883481
TEST_1675,0.741606176087218
TEST_1676,0.46091729694245875
TEST_1677,0.4783878777875869
TEST_1678,0.5440148975792902
TEST_1679,0.666537832451556
TEST_1680,0.5127716766790571
TEST_1681,0.23966468196119664
TEST_1682,0.43310984678842557
TEST_1683,0.5591429800064497
TEST_1684,0.2653110269144776
TEST_1685,0.4000384141008801
TEST_1686,0.5780962591485032
TEST_1687,0.5246475256036595
TEST_1688,0.4209028341286215
TEST_1689,0.3706111288680999
TEST_1690,0.4858886387153517
TEST_1691,0.41107144254482897
TEST_1692,0.5537059949223547
TEST_1693,0.5060927258070445
TEST_1694,0.48597906720802914
TEST_1695,0.3397265428723662
TEST_1696,0.4038917797301575
TEST_1697,0.5891273057987326
TEST_1698,0.40654128756769997
TEST_1699,0.555826146096439
TEST_1700,0.6031321805943002
TEST_1701,0.5018092269758053
TEST_1702,0.2744927776249213
TEST_1703,0.4444714966047985
TEST_1704,0.6393745727657163
TEST_1705,0.42389973325624064
TEST_1706,0.6214613027874475
TEST_1707,0.49183507827787576
TEST_1708,0.5446968054364959
TEST_1709,0.8073473787503097
TEST_1710,0.5336159239328289
TEST_1711,0.47925613061161354
TEST_1712,0.4501920344244829
TEST_1713,0.49457974548995126
TEST_1714,0.3531456966830469
TEST_1715,0.42052943644152696
TEST_1716,0.31823150824965746
TEST_1717,0.6517001434939634
TEST_1718,0.42282188869757426
TEST_1719,0.5812971252443487
TEST_1720,0.35545887709976615
TEST_1721,0.41475009366008864
TEST_1722,0.693732636851458
TEST_1723,0.38504733708488237
TEST_1724,0.426650860264613
TEST_1725,0.6044664063828826
TEST_1726,0.3755186144306936
TEST_1727,0.4314976762844696
TEST_1728,0.4468538373436639
TEST_1729,0.3682344544347459
TEST_1730,0.5133126155480234
TEST_1731,0.4041639283208334
TEST_1732,0.49181321512212756
TEST_1733,0.5466165028942566
TEST_1734,0.26686803318262114
TEST_1735,0.5385962112270594
TEST_1736,0.3418779570406701
TEST_1737,0.42953174850469084
TEST_1738,0.5116609284351283
TEST_1739,0.4975203498807901
TEST_1740,0.632534286313048
TEST_1741,0.3233170588162368
TEST_1742,0.504917279496298
TEST_1743,0.4341536005672866
TEST_1744,0.4341183352939215
TEST_1745,0.5091307456085491
TEST_1746,0.475794875821258
TEST_1747,0.6563655074186833
TEST_1748,0.7039364816813827
TEST_1749,0.40974728585001613
TEST_1750,0.473150380943894
TEST_1751,0.6461225788707432
TEST_1752,0.5246168966616788
TEST_1753,0.4857244548773648
TEST_1754,0.6368997329801277
TEST_1755,0.5573243103211891
TEST_1756,0.4042369191164244
TEST_1757,0.4566022003030083
TEST_1758,0.46690576675892054
TEST_1759,0.4852025995300277
TEST_1760,0.5210221770288656
TEST_1761,0.4785503112934766
TEST_1762,0.6561533406070854
TEST_1763,0.6104226096198461
TEST_1764,0.5159613515928771
TEST_1765,0.5281686194332442
TEST_1766,0.4342090666459485
TEST_1767,0.4261359418244174
TEST_1768,0.5457768356188587
TEST_1769,0.5447841127517197
TEST_1770,0.44306172396571786
TEST_1771,0.5084107830893821
TEST_1772,0.695301618197021
TEST_1773,0.47481318846773446
TEST_1774,0.48931278306432646
TEST_1775,0.4584625347765446
TEST_1776,0.5316393114181786
TEST_1777,0.6695944579913
TEST_1778,0.4017325281662962
TEST_1779,0.6530877968717226
TEST_1780,0.4967223427600729
TEST_1781,0.697227228865992
TEST_1782,0.49924884948262294
TEST_1783,0.38442140719983864
TEST_1784,0.47042004355401806
TEST_1785,0.5432909672185166
TEST_1786,0.47887203449898363
TEST_1787,0.6082441490910669
TEST_1788,0.42544400989500936
TEST_1789,0.5663632496542705
TEST_1790,0.5059920993945994
TEST_1791,0.40058406411810377
TEST_1792,0.5931653849942403
TEST_1793,0.4673611732455297
TEST_1794,0.49298790223958927
TEST_1795,0.4172078246607771
TEST_1796,0.4949567204290743
TEST_1797,0.3272091342191484
TEST_1798,0.46330173684994397
TEST_1799,0.5099866844162756
TEST_1800,0.3489954923826369
TEST_1801,0.3883311519126651
TEST_1802,0.7171019889518104
TEST_1803,0.4602485737319687
TEST_1804,0.4627741405101853
TEST_1805,0.6237839696483434
TEST_1806,0.3777428395361755
TEST_1807,0.26816138593764016
TEST_1808,0.7564028716214266
TEST_1809,0.38504733708488237
TEST_1810,0.712625140978186
TEST_1811,0.41189159735622555
TEST_1812,0.6335318258150626
TEST_1813,0.4473111765986409
TEST_1814,0.4635037165062618
TEST_1815,0.39023654429017246
TEST_1816,0.5013638367752744
TEST_1817,0.47006413345687476
TEST_1818,0.41739935955811
TEST_1819,0.31350409076070257
TEST_1820,0.6600197740154986
TEST_1821,0.5825066539739191
TEST_1822,0.5370499107683251
TEST_1823,0.4539285515592541
TEST_1824,0.44233995501307916
TEST_1825,0.30288413850043205
TEST_1826,0.5058424837356834
TEST_1827,0.3708215596008889
TEST_1828,0.5688204526242354
TEST_1829,0.5034891029099168
TEST_1830,0.4879954104909777
TEST_1831,0.372521255429021
TEST_1832,0.3705512929936155
TEST_1833,0.5324976027697832
TEST_1834,0.48147493881391357
TEST_1835,0.33781477452815534
TEST_1836,0.3976108123587737
TEST_1837,0.4747764926312322
TEST_1838,0.5441031391304332
TEST_1839,0.5602874675360014
TEST_1840,0.5545450686244198
TEST_1841,0.5149408676874003
TEST_1842,0.3065191055419127
TEST_1843,0.573254176634103
TEST_1844,0.4561298650490661
TEST_1845,0.5740614817951541
TEST_1846,0.553533442047367
TEST_1847,0.3802909924069761
TEST_1848,0.3595408247584974
TEST_1849,0.5610184763333472
TEST_1850,0.5920853305119008
TEST_1851,0.5411227522137133
TEST_1852,0.5923261875504205
TEST_1853,0.3033217626677462
TEST_1854,0.4699302353325541
TEST_1855,0.4431972408283859
TEST_1856,0.3547483910223913
TEST_1857,0.5964891030625854
TEST_1858,0.6641286276003803
TEST_1859,0.401559707743832
TEST_1860,0.4592868339948581
TEST_1861,0.16308239343993325
TEST_1862,0.45116666646488307
TEST_1863,0.5905387009142969
TEST_1864,0.3107331384685528
TEST_1865,0.38127095136411243
TEST_1866,0.5081228009608911
TEST_1867,0.5191495447210004
TEST_1868,0.38364171475118514
TEST_1869,0.4136488154100357
TEST_1870,0.46644250408876814
TEST_1871,0.5618818913419591
TEST_1872,0.3761395939827551
TEST_1873,0.4028716317532314
TEST_1874,0.5943612104124139
TEST_1875,0.7107118384872317
TEST_1876,0.48131744377259134
TEST_1877,0.7233060631310259
TEST_1878,0.47558420923378325
TEST_1879,0.5740614817951541
TEST_1880,0.44062642315351275
TEST_1881,0.675162028874204
TEST_1882,0.5350108422034432
TEST_1883,0.3260633888934209
TEST_1884,0.281561097915574
TEST_1885,0.6540012294446464
TEST_1886,0.5550647117242797
TEST_1887,0.49852297381138544
TEST_1888,0.7421921270135254
TEST_1889,0.48637166737266696
TEST_1890,0.5394560517377747
TEST_1891,0.5454504387812119
TEST_1892,0.4303088434062574
TEST_1893,0.5524926297265874
TEST_1894,0.48827965336837
TEST_1895,0.309746077612011
TEST_1896,0.8278220935430294
TEST_1897,0.32573728179205647
TEST_1898,0.4471076315935888
TEST_1899,0.6434365573393357
TEST_1900,0.42412163431882893
TEST_1901,0.4467056429507103
TEST_1902,0.5136166471717941
TEST_1903,0.47191539736901783
TEST_1904,0.5394560517377747
TEST_1905,0.40299640132349845
TEST_1906,0.4921104707460067
TEST_1907,0.7029816755451975
TEST_1908,0.7272728962177473
TEST_1909,0.6011128571133608
TEST_1910,0.5611218959525407
TEST_1911,0.42924351695531354
TEST_1912,0.30090416583539703
TEST_1913,0.49051930266940036
TEST_1914,0.557200208672801
TEST_1915,0.4272606113226718
TEST_1916,0.5794475286746802
TEST_1917,0.40093457609728833
TEST_1918,0.5587976999660654
TEST_1919,0.399675283742244
TEST_1920,0.5503980939184943
TEST_1921,0.7310532022976614
TEST_1922,0.42993246668803264
TEST_1923,0.5096015210958672
TEST_1924,0.4175038691681214
TEST_1925,0.41837359482873593
TEST_1926,0.38674387726004483
TEST_1927,0.4149506368055401
TEST_1928,0.4998910518820394
TEST_1929,0.4165807111807401
TEST_1930,0.5667848396904163
TEST_1931,0.638258825103826
TEST_1932,0.37306232310610704
TEST_1933,0.47507577012036367
TEST_1934,0.3060521524932526
TEST_1935,0.37726390951420635
TEST_1936,0.5213196846361887
TEST_1937,0.6907282061107828
TEST_1938,0.5856856114536744
TEST_1939,0.4542035767968073
TEST_1940,0.4911794702389417
TEST_1941,0.531244949748826
TEST_1942,0.37755502805834984
TEST_1943,0.672441572629091
TEST_1944,0.6023691304676924
TEST_1945,0.3424735835029004
TEST_1946,0.4911808564646455
TEST_1947,0.5237188179934532
TEST_1948,0.510981034432398
TEST_1949,0.4250214525190257
TEST_1950,0.6659552204374481
TEST_1951,0.47875822459990036
TEST_1952,0.42173649817804476
TEST_1953,0.4969452042372572
TEST_1954,0.7163537911236573
TEST_1955,0.3860340562773587
TEST_1956,0.6459507750985699
TEST_1957,0.4944216931911837
TEST_1958,0.39867240853347524
TEST_1959,0.4056760592521679
TEST_1960,0.4622389940557318
TEST_1961,0.5189568908053107
TEST_1962,0.56691620994254
TEST_1963,0.48563979209730074
TEST_1964,0.37411839742217845
TEST_1965,0.4878961142920124
TEST_1966,0.486024239109388
TEST_1967,0.41189159735622555
TEST_1968,0.487191189315963
TEST_1969,0.5124883158465172
TEST_1970,0.38240694862859137
TEST_1971,0.4428467034767491
TEST_1972,0.7243756796526634
TEST_1973,0.5975968850398314
TEST_1974,0.4458236619795956
TEST_1975,0.32420982247005353
TEST_1976,0.3017629188876124
TEST_1977,0.6632636776128104
TEST_1978,0.48852870743991594
TEST_1979,0.7216700754983933
TEST_1980,0.4190681452299224
TEST_1981,0.3412620734264206
TEST_1982,0.39744109515129616
TEST_1983,0.3648825073411726
TEST_1984,0.3644765874866445
TEST_1985,0.7016395445672692
TEST_1986,0.5662275412789914
TEST_1987,0.46196547245324504
TEST_1988,0.4691232511557658
TEST_1989,0.6532183202985287
TEST_1990,0.5609068172190993
TEST_1991,0.39545181000386287
TEST_1992,0.5065315742254032
TEST_1993,0.7135290317623816
TEST_1994,0.5975968850398314
TEST_1995,0.2882771397297842
TEST_1996,0.3751881511605277
TEST_1997,0.4893614048166178
TEST_1998,0.44948117261848597
TEST_1999,0.6548269459024609
TEST_2000,0.5212335163822345
TEST_2001,0.48673310222172417
TEST_2002,0.6209102575892659
TEST_2003,0.408752003820219
TEST_2004,0.5438361964627101
TEST_2005,0.5635769584433171
TEST_2006,0.6603330141279498
TEST_2007,0.48552752500567853
TEST_2008,0.48069747039699284
TEST_2009,0.38953216408960867
TEST_2010,0.5341221704480817
TEST_2011,0.4857102197653448
TEST_2012,0.38010083207987094
TEST_2013,0.4584980715964768
TEST_2014,0.46294318641403925
TEST_2015,0.356394245405657
TEST_2016,0.345849249949028
TEST_2017,0.34887455375848875
TEST_2018,0.4040089996776263
TEST_2019,0.48262698984079583
TEST_2020,0.32410869406045273
TEST_2021,0.6162563192782732
TEST_2022,0.2677132136762048
TEST_2023,0.34389666185481277
TEST_2024,0.5154082514329724
TEST_2025,0.7120504323767246
TEST_2026,0.6737308669391975
TEST_2027,0.43245421261079997
TEST_2028,0.6075322080090261
TEST_2029,0.4397900509109883
TEST_2030,0.3812990507126494
TEST_2031,0.5327838218341711
TEST_2032,0.6582561433826503
TEST_2033,0.6555247416008576
TEST_2034,0.5466165028942566
TEST_2035,0.5661858719294758
TEST_2036,0.5575581247963526
TEST_2037,0.3537198645452344
TEST_2038,0.4065775557345083
TEST_2039,0.4255775014255012
TEST_2040,0.5344650498927583
TEST_2041,0.6073731751361628
TEST_2042,0.5621331516624138
TEST_2043,0.5026777738072694
TEST_2044,0.469138150028955
TEST_2045,0.3924899160942644
TEST_2046,0.5270856567053728
TEST_2047,0.38537349378259705
TEST_2048,0.4116621473318009
TEST_2049,0.5234582736640269
TEST_2050,0.5361003630926091
TEST_2051,0.48992357671325343
TEST_2052,0.43972970278709894
TEST_2053,0.5360825941016046
TEST_2054,0.8059622418493076
TEST_2055,0.49100953539093023
TEST_2056,0.3961527651744948
TEST_2057,0.2866572874945545
TEST_2058,0.5536903325423763
TEST_2059,0.4955598158079906
TEST_2060,0.49924597033618096
TEST_2061,0.41256964820578973
TEST_2062,0.4603866783674161
TEST_2063,0.5551368012168887
TEST_2064,0.6323777022139152
TEST_2065,0.5014639070409553
TEST_2066,0.557376983774358
TEST_2067,0.4172106191395723
TEST_2068,0.4237458411385316
TEST_2069,0.6149676619314058
TEST_2070,0.4388451582687059
TEST_2071,0.5969748495589118
TEST_2072,0.39047164409099144
TEST_2073,0.5595077954621557
TEST_2074,0.3928892908249172
TEST_2075,0.5796022582675469
TEST_2076,0.46558888595806397
TEST_2077,0.5225236264991985
TEST_2078,0.46922529814421804
TEST_2079,0.5146069731651726
TEST_2080,0.3636362559474644
TEST_2081,0.30642288828328457
TEST_2082,0.6140949329120214
TEST_2083,0.47465936408540876
TEST_2084,0.6558049914873796
TEST_2085,0.45398351248146396
TEST_2086,0.5678529576626187
TEST_2087,0.4984039322706286
TEST_2088,0.5152664257794808
TEST_2089,0.49550782050844455
TEST_2090,0.41196753436689265
TEST_2091,0.5532427342836665
TEST_2092,0.3877400486411629
TEST_2093,0.16462060193650324
TEST_2094,0.5055588649720172
TEST_2095,0.3997146478876953
TEST_2096,0.35789931392583396
TEST_2097,0.7598724584266773
TEST_2098,0.6477752768111908
TEST_2099,0.5063511040462806
TEST_2100,0.6834685213117275
TEST_2101,0.6048207445464496
TEST_2102,0.5226470465355931
TEST_2103,0.4703380176473382
TEST_2104,0.44972440950162856
TEST_2105,0.6707479980323776
TEST_2106,0.5333212913951321
TEST_2107,0.38201713108527546
TEST_2108,0.48047142943485643
TEST_2109,0.415433187261856
TEST_2110,0.520092986849737
TEST_2111,0.5724820813732606
TEST_2112,0.618904159141546
TEST_2113,0.39937697343255313
TEST_2114,0.4526544301003363
TEST_2115,0.5997053040835089
TEST_2116,0.4197584342077646
TEST_2117,0.42841381250851346
TEST_2118,0.5518531951834269
TEST_2119,0.3714637481567724
TEST_2120,0.5378177940100617
TEST_2121,0.7153460744397162
TEST_2122,0.40870127483181723
TEST_2123,0.4996330697814694
TEST_2124,0.49056964597241004
TEST_2125,0.7387203717176333
TEST_2126,0.45208257267513247
TEST_2127,0.3782948004391753
TEST_2128,0.47431011512421783
TEST_2129,0.5245226952556883
TEST_2130,0.5056700293143006
TEST_2131,0.6989365636564031
TEST_2132,0.5359961619593253
TEST_2133,0.5825955326136713
TEST_2134,0.6379289145416126
TEST_2135,0.29812025059540803
TEST_2136,0.46428694717272584
TEST_2137,0.5711177008685587
TEST_2138,0.3700630498611682
TEST_2139,0.6869481750350408
TEST_2140,0.8142940163078742
TEST_2141,0.642340796465094
TEST_2142,0.3830032466847849
TEST_2143,0.7121286187497136
TEST_2144,0.3901299519713058
TEST_2145,0.520670549595752
TEST_2146,0.3492395794457767
TEST_2147,0.4978326286932596
TEST_2148,0.617769713268713
TEST_2149,0.3714637481567724
TEST_2150,0.6629757086370155
TEST_2151,0.734052643154813
TEST_2152,0.6679984315934968
TEST_2153,0.6088977970643357
TEST_2154,0.32684983937571505
TEST_2155,0.4798479120207402
TEST_2156,0.47139073458289843
TEST_2157,0.43511449932606605
TEST_2158,0.4858807754566606
TEST_2159,0.4400264738943371
TEST_2160,0.5230519598237556
TEST_2161,0.4179435389042833
TEST_2162,0.3326542243722837
TEST_2163,0.5186594914269851
TEST_2164,0.543569505665643
TEST_2165,0.30392775246725257
TEST_2166,0.5405678972615215
TEST_2167,0.5745893765451296
TEST_2168,0.6501534964088169
TEST_2169,0.1489742443793138
TEST_2170,0.47971168202875897
TEST_2171,0.30660941186859036
TEST_2172,0.384555733768013
TEST_2173,0.6257816060697688
TEST_2174,0.49195676166888874
TEST_2175,0.6654176173872245
TEST_2176,0.5659570931049535
TEST_2177,0.37829516791198936
TEST_2178,0.6701075571544268
TEST_2179,0.7145831706773168
TEST_2180,0.5033491967243261
TEST_2181,0.49900862296284826
TEST_2182,0.4530661237950782
TEST_2183,0.3272790532009216
TEST_2184,0.38375955157203595
TEST_2185,0.7543922951016079
TEST_2186,0.41368376285228925
TEST_2187,0.5132684530525912
TEST_2188,0.6570543451048017
TEST_2189,0.4640470776909231
TEST_2190,0.36378209169355696
TEST_2191,0.665697611167461
TEST_2192,0.6012428671747494
TEST_2193,0.4878351937144459
TEST_2194,0.26532994171528
TEST_2195,0.568919870539021
TEST_2196,0.5396979702691195
TEST_2197,0.49504499301240745
TEST_2198,0.5653841759467139
TEST_2199,0.5475016496019017
TEST_2200,0.6589678704609553
TEST_2201,0.6580061009692132
TEST_2202,0.820283298950687
TEST_2203,0.5284637270776311
TEST_2204,0.41976236917055243
TEST_2205,0.6736952078457978
TEST_2206,0.52362640339127
TEST_2207,0.5990754812830575
TEST_2208,0.6006609067659784
TEST_2209,0.4509143885657716
TEST_2210,0.5491242676674504
TEST_2211,0.3669177754472804
TEST_2212,0.49746591064644513
TEST_2213,0.5822261273440162
TEST_2214,0.3191877165028093
TEST_2215,0.644354458949126
TEST_2216,0.6591948692282922
TEST_2217,0.4107445570721987
TEST_2218,0.5640161499708953
TEST_2219,0.4104207728480401
TEST_2220,0.5698360693637184
TEST_2221,0.6145405357997143
TEST_2222,0.5562558743809248
TEST_2223,0.4953043796755162
TEST_2224,0.6224585575374025
TEST_2225,0.4098059583658812
TEST_2226,0.3703435215575963
TEST_2227,0.38682751472967475
TEST_2228,0.5908368473498687
TEST_2229,0.5651169969941455
TEST_2230,0.4847819836622743
TEST_2231,0.5014338192265821
TEST_2232,0.3299123775548205
TEST_2233,0.34209117297520414
TEST_2234,0.3910328125850087
TEST_2235,0.6137218784371655
TEST_2236,0.5473368376384992
TEST_2237,0.5715780040118169
TEST_2238,0.4798479120207402
TEST_2239,0.4165445557243699
TEST_2240,0.484471849628855
TEST_2241,0.5724864159980878
TEST_2242,0.6047562554721359
TEST_2243,0.41415003573865455
TEST_2244,0.5006112495163663
TEST_2245,0.420965723321847
TEST_2246,0.4474439244451624
TEST_2247,0.298001513601564
TEST_2248,0.39497429973541553
TEST_2249,0.6342801439766005
TEST_2250,0.4627741405101853
TEST_2251,0.5412040933515132
TEST_2252,0.5473097827642435
TEST_2253,0.6194583323156592
TEST_2254,0.5095990288426282
TEST_2255,0.6324022292071779
TEST_2256,0.41424245614005795
TEST_2257,0.45116803705152236
TEST_2258,0.6100360991453591
TEST_2259,0.5664269885543963
TEST_2260,0.525619862555009
TEST_2261,0.6177078744813016
TEST_2262,0.4340157973202011
TEST_2263,0.31436382820278336
TEST_2264,0.6358909341410167
TEST_2265,0.39390469022499386
TEST_2266,0.6317983607652208
TEST_2267,0.5904414418313523
TEST_2268,0.24979958049543058
TEST_2269,0.5251165871379845
TEST_2270,0.5098259952400315
TEST_2271,0.4979453086899111
TEST_2272,0.6222625455212092
TEST_2273,0.4075776087544582
TEST_2274,0.30988112181162847
TEST_2275,0.5674132897022299
TEST_2276,0.4594394623468544
TEST_2277,0.43636712163010866
TEST_2278,0.29939385367404836
TEST_2279,0.5825140315397889
TEST_2280,0.43365347599531645
TEST_2281,0.4461451702535258
TEST_2282,0.6577814244804131
TEST_2283,0.5113446398889316
TEST_2284,0.22061588884425765
TEST_2285,0.5705737284936546
TEST_2286,0.45492466031780043
TEST_2287,0.5530202261521976
TEST_2288,0.5097710794601771
TEST_2289,0.5466044280957595
TEST_2290,0.6059525933459918
TEST_2291,0.611028848082067
TEST_2292,0.357613556961428
TEST_2293,0.4402844517908107
TEST_2294,0.5783842774201133
TEST_2295,0.8075092076568402
TEST_2296,0.29757486396462995
TEST_2297,0.5883552620542304
TEST_2298,0.6692440036747972
TEST_2299,0.3052937263521719
TEST_2300,0.41153575488093974
TEST_2301,0.6080973915273872
TEST_2302,0.6228223929710578
TEST_2303,0.45808899531554276
TEST_2304,0.33265427172351575
TEST_2305,0.35052702577545847
TEST_2306,0.7568537585759295
TEST_2307,0.5694317560329436
TEST_2308,0.5763114877444881
TEST_2309,0.6017448741514845
TEST_2310,0.2660440126060736
TEST_2311,0.6618486837061257
TEST_2312,0.6926608955950141
TEST_2313,0.4211635092424177
TEST_2314,0.6214673341793097
TEST_2315,0.459617176852184
TEST_2316,0.5144473074924614
TEST_2317,0.506828778610471
TEST_2318,0.5284388278107972
TEST_2319,0.5201301731436978
TEST_2320,0.6068283246316362
TEST_2321,0.4908700401312352
TEST_2322,0.5071524252971545
TEST_2323,0.4103702704060481
TEST_2324,0.6339170833418942
TEST_2325,0.33752834976782053
TEST_2326,0.6421928059840712
TEST_2327,0.4417665315910801
TEST_2328,0.4171926827419824
TEST_2329,0.5102552226400547
TEST_2330,0.5044594701378408
TEST_2331,0.47866480775456877
TEST_2332,0.5436195233904639
TEST_2333,0.5965471729202421
TEST_2334,0.5076082986273404
TEST_2335,0.4389675956852107
TEST_2336,0.5489957134635594
TEST_2337,0.3397830582203867
TEST_2338,0.3261262255107116
TEST_2339,0.255341946001396
TEST_2340,0.2606704926086497
TEST_2341,0.5789457106789639
TEST_2342,0.6892718503235551
TEST_2343,0.3995671280671257
TEST_2344,0.4656095435861306
TEST_2345,0.3255745724148353
TEST_2346,0.41368376285228925
TEST_2347,0.2777595966385816
TEST_2348,0.2618697074869032
TEST_2349,0.4880158855331969
TEST_2350,0.3821587632410797
TEST_2351,0.6902167541935214
TEST_2352,0.611026443936181
TEST_2353,0.3685952432677592
TEST_2354,0.3797024848322357
TEST_2355,0.6381724889969769
TEST_2356,0.4680805921856202
TEST_2357,0.6175030711625643
TEST_2358,0.4684980318700503
TEST_2359,0.33561132282974604
TEST_2360,0.464694731573101
TEST_2361,0.2608294112031491
TEST_2362,0.43819262100518147
TEST_2363,0.6234062399226912
TEST_2364,0.38292481628649255
TEST_2365,0.5501309429784218
TEST_2366,0.454682614765032
TEST_2367,0.6207779501491698
TEST_2368,0.5288259255578639
TEST_2369,0.37308759901358823
TEST_2370,0.6752214976536615
TEST_2371,0.5241152022704078
TEST_2372,0.2949382804080244
TEST_2373,0.38844864524871364
TEST_2374,0.6507852147789069
TEST_2375,0.6173328060992131
TEST_2376,0.7382466841887356
TEST_2377,0.5557644539264273
TEST_2378,0.36857549314265525
TEST_2379,0.46340471181911436
TEST_2380,0.6036640013108115
TEST_2381,0.35443006366145996
TEST_2382,0.45843993990684684
TEST_2383,0.6817182805123005
TEST_2384,0.44374495820196674
TEST_2385,0.3275603842714065
TEST_2386,0.29673736213815577
TEST_2387,0.6479428673379253
TEST_2388,0.4055850601455351
TEST_2389,0.5435358474921723
TEST_2390,0.561757929254802
TEST_2391,0.49323933376201495
TEST_2392,0.5990754812830575
TEST_2393,0.51556929121651
TEST_2394,0.5607207918117526
TEST_2395,0.3641737847919072
TEST_2396,0.4775331917365732
TEST_2397,0.387978200483764
TEST_2398,0.506719582421247
TEST_2399,0.3304218459755434
TEST_2400,0.4310805263213731
TEST_2401,0.10770829536890314
TEST_2402,0.4797199891196508
TEST_2403,0.45139480699185297
TEST_2404,0.4519691251254343
TEST_2405,0.5747126642082641
TEST_2406,0.5496406888989785
TEST_2407,0.4165445557243699
TEST_2408,0.5391997461829877
TEST_2409,0.2669176235784557
TEST_2410,0.4450996520066398
TEST_2411,0.42142808916482977
TEST_2412,0.5114286105545989
TEST_2413,0.22834206887367964
TEST_2414,0.4878351937144459
TEST_2415,0.48098178420277266
TEST_2416,0.5310170460481957
TEST_2417,0.7626023127381241
TEST_2418,0.34395458778385446
TEST_2419,0.3960312662309096
TEST_2420,0.6220139555126124
TEST_2421,0.5852429316034634
TEST_2422,0.43202693784104435
TEST_2423,0.7182177313905314
TEST_2424,0.4244364610021082
TEST_2425,0.5014338192265821
TEST_2426,0.3216971486015514
TEST_2427,0.484355480647096
TEST_2428,0.605960212891472
TEST_2429,0.643109492037206
TEST_2430,0.3676331308411462
TEST_2431,0.36121835588292567
TEST_2432,0.48789074501333457
TEST_2433,0.28912710903863836
TEST_2434,0.48131914065522674
TEST_2435,0.4750048010884185
TEST_2436,0.3721650770546317
TEST_2437,0.5854861942412886
TEST_2438,0.5674205929563388
TEST_2439,0.18876753677766428
TEST_2440,0.37700857004030347
TEST_2441,0.40279949545145016
TEST_2442,0.43782321400156726
TEST_2443,0.5300703324067286
TEST_2444,0.47037331783877556
TEST_2445,0.25915453192055066
TEST_2446,0.6294884085128095
TEST_2447,0.5668036774140232
TEST_2448,0.4837611053191924
TEST_2449,0.6198017089348833
TEST_2450,0.4057944831203125
TEST_2451,0.4758557513191546
TEST_2452,0.24170296216732068
TEST_2453,0.32111891640388296
TEST_2454,0.41310211220936943
TEST_2455,0.47006413345687476
TEST_2456,0.4839056528957341
TEST_2457,0.3777836773814757
TEST_2458,0.2709814222848427
TEST_2459,0.4687898971164656
TEST_2460,0.6969838169132435
TEST_2461,0.46690576675892054
TEST_2462,0.564651432022587
TEST_2463,0.6533796390171417
TEST_2464,0.3236459549026474
TEST_2465,0.4659582608779629
TEST_2466,0.5842722366840928
TEST_2467,0.41504372544851326
TEST_2468,0.3830575319616423
TEST_2469,0.5911905409557309
TEST_2470,0.3641637484675352
TEST_2471,0.4229083282531538
TEST_2472,0.5155614459176918
TEST_2473,1.0468572966547303
TEST_2474,0.6495792630944396
TEST_2475,0.6969838169132435
TEST_2476,0.6370841190755927
TEST_2477,0.615109978234529
TEST_2478,0.4629705077557713
TEST_2479,0.4676423055432043
TEST_2480,0.3939007650859899
TEST_2481,0.5307364144276577
TEST_2482,0.4910160580201063
TEST_2483,0.5147488239264478
TEST_2484,0.4155992992876695
TEST_2485,0.6227995864250089
TEST_2486,0.5473454501602659
TEST_2487,0.3818044678781447
TEST_2488,0.605020065282425
TEST_2489,0.48238249809446593
TEST_2490,0.5037366734729294
TEST_2491,0.3848051035178515
TEST_2492,0.4248200550068796
TEST_2493,0.5817595733598733
TEST_2494,0.5422865555359624
TEST_2495,0.4075130793149617
TEST_2496,0.6766643246103107
TEST_2497,0.4055850601455351
TEST_2498,0.5915469126282425
TEST_2499,0.7190032990626808
TEST_2500,0.4162750952772447
TEST_2501,0.5140676550454952
TEST_2502,0.6142314421778141
TEST_2503,0.4702168343321254
TEST_2504,0.24639176681819994
TEST_2505,0.583791332034851
TEST_2506,0.4604552831425331
TEST_2507,0.22156120034064222
TEST_2508,0.5392284938780783
TEST_2509,0.25829275765665655
TEST_2510,0.7040946032295955
TEST_2511,0.37312467439461827
TEST_2512,0.5551313711499731
TEST_2513,0.4306185929437582
TEST_2514,0.43146850177602597
TEST_2515,0.5953455303942328
TEST_2516,0.758659845358127
TEST_2517,0.532681245080787
TEST_2518,0.5511194430519621
TEST_2519,0.7840240394761583
TEST_2520,0.5126257549077464
TEST_2521,0.5813855195719607
TEST_2522,0.4634419659437948
TEST_2523,0.49013691240497476
TEST_2524,0.47833171850318945
TEST_2525,0.5239670400343962
TEST_2526,0.3550361442047122
TEST_2527,0.42295974801199043
TEST_2528,0.416430457780283
TEST_2529,0.4775092510614973
TEST_2530,0.7284551044925418
TEST_2531,0.5131564444364712
TEST_2532,0.5110013108586174
TEST_2533,0.6639171835365338
TEST_2534,0.3899858434884979
TEST_2535,0.5367557128759732
TEST_2536,0.5392639090360035
TEST_2537,0.5327358753501981
TEST_2538,0.34319417495146987
TEST_2539,0.43871725213555157
TEST_2540,0.4661846133094548
TEST_2541,0.6464944617798802
TEST_2542,0.5053896252220125
TEST_2543,0.4254913075692572
TEST_2544,0.4120870884194552
TEST_2545,0.6439523870306431
TEST_2546,0.48036962221263474
TEST_2547,0.6321364868843913
TEST_2548,0.5718165246718822
TEST_2549,0.6641286276003803
TEST_2550,0.47153896923784805
TEST_2551,0.3977310177417535
TEST_2552,0.6080371077511043
TEST_2553,0.5358504067346823
TEST_2554,0.4781552182692021
TEST_2555,0.4597168579120283
TEST_2556,0.519477056925226
TEST_2557,0.5611317048974722
TEST_2558,0.7130287554029899
TEST_2559,0.48387214420084246
TEST_2560,0.3494052086647763
TEST_2561,0.6092844817767167
TEST_2562,0.3360048561548596
TEST_2563,0.5331366291901266
TEST_2564,0.3837233332536784
TEST_2565,0.602106664889326
TEST_2566,0.525411929843725
TEST_2567,0.8992939284833035
TEST_2568,0.5834039813774687
TEST_2569,0.5417045906848238
TEST_2570,0.38410905044077515
TEST_2571,0.48053477660848815
TEST_2572,0.5979254867609677
TEST_2573,0.21423080043910347
TEST_2574,0.5472293494790793
TEST_2575,0.535047819784796
TEST_2576,0.20068337938426897
TEST_2577,0.4384617781275001
TEST_2578,0.5000000439653579
TEST_2579,0.44734172572951825
TEST_2580,0.7784402149724156
TEST_2581,0.38541071921523495
TEST_2582,0.5574750062916134
TEST_2583,0.44001330084182533
TEST_2584,0.34307322377359256
TEST_2585,0.33168802010180976
TEST_2586,0.5631786265815427
TEST_2587,0.5920975950169062
TEST_2588,0.559912026634003
TEST_2589,0.48555083340688765
TEST_2590,0.5750184468028415
TEST_2591,0.2711477937399414
TEST_2592,0.352637949710342
TEST_2593,0.3604635367795138
TEST_2594,0.4056939097974875
TEST_2595,0.55826733430025
TEST_2596,0.4748987420190427
TEST_2597,0.5204698171582005
TEST_2598,0.3503365315660455
TEST_2599,0.4102209959202036
TEST_2600,0.3088191136253736
TEST_2601,0.3145531543653747
TEST_2602,0.5953600102870856
TEST_2603,0.5308994383776309
TEST_2604,0.4256683698719497
TEST_2605,0.670288562670968
TEST_2606,0.46602814867282955
TEST_2607,0.5144989081935054
TEST_2608,0.7667662722034607
TEST_2609,0.4828309819605391
TEST_2610,0.6426456818785035
TEST_2611,0.44192510302045973
TEST_2612,0.4891165220866834
TEST_2613,0.4894609396140162
TEST_2614,0.49100330447065776
TEST_2615,0.3332653620004025
TEST_2616,0.599787756399965
TEST_2617,0.4623278791387742
TEST_2618,0.6044850835688795
TEST_2619,0.5922087964486384
TEST_2620,0.6095833132531178
TEST_2621,0.5473454501602659
TEST_2622,0.4782111598761281
TEST_2623,0.43940141078964606
TEST_2624,0.6642354304339508
TEST_2625,0.5437125614721613
TEST_2626,0.4377398327049742
TEST_2627,0.29444899735233176
TEST_2628,0.4186549042531661
TEST_2629,0.5446878458317708
TEST_2630,0.48535925629208193
TEST_2631,0.3869645203351208
TEST_2632,0.6990278603502567
TEST_2633,0.3976920568118476
TEST_2634,0.5849959722254052
TEST_2635,0.3832571933763944
TEST_2636,0.5313254406958968
TEST_2637,0.2988229578711283
TEST_2638,0.5261779319803256
TEST_2639,0.4036189529068452
TEST_2640,0.41105325773047824
TEST_2641,0.550695257857016
TEST_2642,0.5173415933718105
TEST_2643,0.6501468479324536
TEST_2644,0.34854639820124966
TEST_2645,0.4653200904606613
TEST_2646,0.5307368512679327
TEST_2647,0.4822018955643045
TEST_2648,0.41985258213591475
TEST_2649,0.3486519087810869
TEST_2650,0.46590725424492213
TEST_2651,0.6237839696483434
TEST_2652,0.5037017307543826
TEST_2653,0.4110124509352486
TEST_2654,0.4222511114902573
TEST_2655,0.5011856520489163
TEST_2656,0.5185594742248948
TEST_2657,0.4808275869583216
TEST_2658,0.3960312662309096
TEST_2659,0.5435921974411934
TEST_2660,0.48252361866327764
TEST_2661,0.7289610662009565
TEST_2662,0.7030972530559245
TEST_2663,0.6278647253719085
TEST_2664,0.705911867109339
TEST_2665,0.4857898817673859
TEST_2666,0.44374495820196674
TEST_2667,0.5640848594162206
TEST_2668,0.47461772117477435
TEST_2669,0.53354416951
TEST_2670,0.5404816098151438
TEST_2671,0.7491978819081468
TEST_2672,0.744557774521149
TEST_2673,0.4273898633316569
TEST_2674,0.4340213902281717
TEST_2675,0.386798002247776
TEST_2676,0.5046328101859162
TEST_2677,0.5665486433387986
TEST_2678,0.6602188935519245
TEST_2679,0.5002876316468897
TEST_2680,0.6410223572013698
TEST_2681,0.5047741639288527
TEST_2682,0.543569505665643
TEST_2683,0.49520655238785954
TEST_2684,0.2684604253138016
TEST_2685,0.6756814067834983
TEST_2686,0.4145508282932846
TEST_2687,0.7825660411804541
TEST_2688,0.7037645768839984
TEST_2689,0.2620509223393869
TEST_2690,0.549056579076385
TEST_2691,0.6278521090934243
TEST_2692,0.5412080728237231
TEST_2693,0.5632335688981785
TEST_2694,0.332100273052511
TEST_2695,0.5034984276526535
TEST_2696,0.6587969596050778
TEST_2697,0.6232430286211013
TEST_2698,0.2460440883792983
TEST_2699,0.546300782720437
TEST_2700,0.400520044202545
TEST_2701,0.7297404541385599
TEST_2702,0.3541953808432043
TEST_2703,0.5445439108121096
TEST_2704,0.5672953213696047
TEST_2705,0.47544103132701454
TEST_2706,0.56900863809474
TEST_2707,0.5172533561216364
TEST_2708,0.578390159805905
TEST_2709,0.43554814761646915
TEST_2710,0.45492466031780043
TEST_2711,0.7827094309775289
TEST_2712,0.4112405476256383
TEST_2713,0.4766510876799377
TEST_2714,0.5073428867741033
TEST_2715,0.7522036447053488
TEST_2716,0.46210342486002187
TEST_2717,0.3553834161337075
TEST_2718,0.7455525207529389
TEST_2719,0.556605101607319
TEST_2720,0.36699272095294505
TEST_2721,0.48379689374849966
TEST_2722,0.4015052469442595
TEST_2723,0.6799509035605105
TEST_2724,0.62466619926414
TEST_2725,0.507602631800168
TEST_2726,0.6275126391778103
TEST_2727,0.6950669793394874
TEST_2728,0.25620336039037755
TEST_2729,0.7654083886849694
TEST_2730,0.44737147126594073
TEST_2731,0.48493588932710857
TEST_2732,0.5152121054010056
TEST_2733,0.3931118802227174
TEST_2734,0.47913529639055813
TEST_2735,0.45281924647056265
TEST_2736,0.5235766172929752
TEST_2737,0.6116435707725416
TEST_2738,0.5800197724112254
TEST_2739,0.4928000999668098
TEST_2740,0.45592393844425794
TEST_2741,0.23553319363744873
TEST_2742,0.2745357267802129
TEST_2743,0.6248672647824686
TEST_2744,0.4929675410119214
TEST_2745,0.38396543674346517
TEST_2746,0.4583746517810673
TEST_2747,0.5048704717624034
TEST_2748,0.6396894691363524
TEST_2749,0.5758517622965139
TEST_2750,0.4521319529597812
TEST_2751,0.4140052796018599
TEST_2752,0.5149312642250397
TEST_2753,0.4465623314165758
TEST_2754,0.5273273805635281
TEST_2755,0.5799752603036523
TEST_2756,0.42953174850469084
TEST_2757,0.34955314819337985
TEST_2758,0.5775585252075671
TEST_2759,0.507743304977651
TEST_2760,0.4690097379510294
TEST_2761,0.7491978819081468
TEST_2762,0.5990488249453386
TEST_2763,0.4511698348535344
TEST_2764,0.4037726898450086
TEST_2765,0.5833994619304078
TEST_2766,0.5735968638546414
TEST_2767,0.5911443474032768
TEST_2768,0.4286117321759606
TEST_2769,0.5606977599651394
TEST_2770,0.5788112805160233
TEST_2771,0.4800571768263208
TEST_2772,0.3131692170040682
TEST_2773,0.43749099777433764
TEST_2774,0.5217860788638226
TEST_2775,0.2978525603199719
TEST_2776,0.403091223135377
TEST_2777,0.5160418143900886
TEST_2778,0.33613788164865355
TEST_2779,0.4970196724422731
TEST_2780,0.6090037948565672
TEST_2781,0.5363773632444008
TEST_2782,0.5435460341120566
TEST_2783,0.520185777822458
TEST_2784,0.6580338293509265
TEST_2785,0.6101523598906679
TEST_2786,0.5037366734729294
TEST_2787,0.5551313711499731
TEST_2788,0.4405675415052285
TEST_2789,0.3056348770659831
TEST_2790,0.5354698295132531
TEST_2791,0.41535866490251294
TEST_2792,0.5010597396472783
TEST_2793,0.4647981710110623
TEST_2794,0.5220181128314673
TEST_2795,0.5335566393879198
TEST_2796,0.7282349206266874
TEST_2797,0.5183565896414386
TEST_2798,0.5787428980582363
TEST_2799,0.4149086400796291
TEST_2800,0.547044560803398
TEST_2801,0.2593465981030795
TEST_2802,0.725482779990488
TEST_2803,0.687233423911137
TEST_2804,0.40440449052312466
TEST_2805,0.6080986554370573
TEST_2806,0.3442304299380053
TEST_2807,0.5016133182876528
TEST_2808,0.5609068172190993
TEST_2809,0.4293461883653158
TEST_2810,0.5090803745970942
TEST_2811,0.5189350526935763
TEST_2812,0.4847819836622743
TEST_2813,0.664123971304354
TEST_2814,0.5781910436475902
TEST_2815,0.3872117706654482
TEST_2816,0.44616333899034927
TEST_2817,0.4702066918310324
TEST_2818,0.4066948210614463
TEST_2819,0.5199399445904374
TEST_2820,0.5377502991799171
TEST_2821,0.5707284802862882
TEST_2822,0.4710609306733865
TEST_2823,0.4897582715655812
TEST_2824,0.5138685728096909
TEST_2825,0.4715781121118946
TEST_2826,0.3982341433105851
TEST_2827,0.38710481594417573
TEST_2828,0.6652259707228556
TEST_2829,0.6021463441624314
TEST_2830,0.7985667705024126
TEST_2831,0.40876461570812883
TEST_2832,0.5631786265815427
TEST_2833,0.574765899036956
TEST_2834,0.26880113246237736
TEST_2835,0.5143874666582304
TEST_2836,0.5819125934219566
TEST_2837,0.4561130763183221
TEST_2838,0.5306214532812445
TEST_2839,0.6467149981633615
TEST_2840,0.5921198037163169
TEST_2841,0.4856815331321191
TEST_2842,0.27370841863191153
TEST_2843,0.7891416882274914
TEST_2844,0.47191539736901783
TEST_2845,0.3756449612278713
TEST_2846,0.5262138336270135
TEST_2847,0.40518102796846683
TEST_2848,0.6607327223983451
TEST_2849,0.5047407289012844
TEST_2850,0.6782001118574645
TEST_2851,0.3930879443280949
TEST_2852,0.6771892399913434
TEST_2853,0.6086077126795233
TEST_2854,0.40905122666801286
TEST_2855,0.38788832941770274
TEST_2856,0.4876733336260564
TEST_2857,0.47483266888875814
TEST_2858,0.3366958305428288
TEST_2859,0.5139004472131905
TEST_2860,0.5601951110678703
TEST_2861,0.6064157391471133
TEST_2862,0.5921671704342926
TEST_2863,0.4309933527789757
TEST_2864,0.46156215589368277
TEST_2865,0.47967074334018744
TEST_2866,0.5576105332446101
TEST_2867,0.4085875017348234
TEST_2868,0.4173754262471973
TEST_2869,0.5506005411350093
TEST_2870,0.41649442126041153
TEST_2871,0.5750136416435753
TEST_2872,0.435793910965471
TEST_2873,0.7663705742097962
TEST_2874,0.5283191088532269
TEST_2875,0.3338554188995606
TEST_2876,0.4269622809156217
TEST_2877,0.39970544788679085
TEST_2878,0.4568857145057852
TEST_2879,0.5519421065385087
TEST_2880,0.5590260920324585
TEST_2881,0.42925034999428613
TEST_2882,0.6333729323441311
TEST_2883,0.7428263275004772
TEST_2884,0.31817079687771416
TEST_2885,0.49069913245051594
TEST_2886,0.5972123019047906
TEST_2887,0.26468954401011763
TEST_2888,0.3621465848495568
TEST_2889,0.4499594476767735
TEST_2890,0.3700630498611682
TEST_2891,0.28106087257182344
TEST_2892,0.35769892939212
TEST_2893,0.3532053368854438
TEST_2894,0.5978839768381796
TEST_2895,0.496927585308925
TEST_2896,0.48520490171740993
TEST_2897,0.33961259571539903
TEST_2898,0.3682002235972926
TEST_2899,0.3863837845404516
TEST_2900,0.5475546924063497
TEST_2901,0.3373117048056675
TEST_2902,0.3172575194098945
TEST_2903,0.41475009366008864
TEST_2904,0.36996323309342677
TEST_2905,0.48619865448041355
TEST_2906,0.3743426397329076
TEST_2907,0.308379304668166
TEST_2908,0.45421911218190403
TEST_2909,0.4880860071243813
TEST_2910,0.4750048010884185
TEST_2911,0.5744801541386648
TEST_2912,0.38522422970641806
TEST_2913,0.5647595497372526
TEST_2914,0.5403096118840736
TEST_2915,0.7496660247961717
TEST_2916,0.6032281249206473
TEST_2917,0.526658415751498
TEST_2918,0.4593430304248131
TEST_2919,0.6116065972029741
TEST_2920,0.4958446409013859
TEST_2921,0.6639712983968763
TEST_2922,0.5534330176340431
TEST_2923,0.4049365281794606
TEST_2924,0.4400862791803734
TEST_2925,0.6916656642645784
TEST_2926,0.5253779172769477
TEST_2927,0.6904438969690931
TEST_2928,0.4224576739808381
TEST_2929,0.5650426955538902
TEST_2930,0.4542319220397469
TEST_2931,0.5977985851356157
TEST_2932,0.5375812560173382
TEST_2933,0.33786123464938916
TEST_2934,0.5517738674114064
TEST_2935,0.454798576248589
TEST_2936,0.4774629247739603
TEST_2937,0.5017550062131153
TEST_2938,0.49548967849788184
TEST_2939,0.49975462065411574
TEST_2940,0.3310196257899546
TEST_2941,0.4891255043192502
TEST_2942,0.6653248180051842
TEST_2943,0.5769266874036464
TEST_2944,0.6088016836018583
TEST_2945,0.6549479351999259
TEST_2946,0.7663705742097962
TEST_2947,0.6367457726471242
TEST_2948,0.5451542943057348
TEST_2949,0.7131514934763471
TEST_2950,0.5961576520252816
TEST_2951,0.46282078911000757
TEST_2952,0.5407500368447943
TEST_2953,0.5978687798068274
TEST_2954,0.6215762330497168
TEST_2955,0.513536212060346
TEST_2956,0.7589452702547743
TEST_2957,0.561757929254802
TEST_2958,0.4004909168359708
TEST_2959,0.5860897646476921
TEST_2960,0.6716907828488303
TEST_2961,0.6201925455456913
TEST_2962,0.5970470727756203
TEST_2963,0.5545516478323659
TEST_2964,0.5474926484123042
TEST_2965,0.42305845582562673
TEST_2966,0.5148272279350625
TEST_2967,0.35714775821003975
TEST_2968,0.384220226381928
TEST_2969,0.5077813655903475
TEST_2970,0.5930466014158903
TEST_2971,0.6319857790881797
TEST_2972,0.3823119953274028
TEST_2973,0.5276956486710295
TEST_2974,0.6517896488274062
TEST_2975,0.6023413624916499
TEST_2976,0.45848448972084216
TEST_2977,0.45703387636390747
TEST_2978,0.647484657188706
TEST_2979,0.7190348326252836
TEST_2980,0.49827009934571453
TEST_2981,0.5828813134321225
TEST_2982,0.4680324385333114
TEST_2983,0.7586486193520161
TEST_2984,0.4041832617485297
TEST_2985,0.4907215081337814
TEST_2986,0.6543448694159909
TEST_2987,0.6729229068821694
TEST_2988,0.8017462211986707
TEST_2989,0.5993121050863408
TEST_2990,0.5361922430181234
TEST_2991,0.55873552042453
TEST_2992,0.3789011967261375
TEST_2993,0.5848961574249928
TEST_2994,0.498569738633044
TEST_2995,0.6185835489361444
TEST_2996,0.7026243028200542
TEST_2997,0.5563170430352694
TEST_2998,0.7706673368811138
TEST_2999,0.3015738467377102
